Dispatch Incident Number (fiDispatch.03),Incident Location Address,Incident Type Primary (fiIncident.03)
2026000261,"4731 LEE-JACKSON Highway GREENVILLE, VA 24440",Medical - Illness - Breathing Problems
2026000420,"152 FAIRWAY Lane VERONA, VA 24482",Fire - Outside Fire - Vegetation / Grass Fire
2026000991,"2310 81 Highway South Southbound FORT DEFIANCE, VA 24467","Hazardous Situation - Hazard Nonchemical - Motor Vehicle Collision (MVC, Traffic Crash- No Entrapment)"
2026001001,"2329 I 81 South MOUNT SIDNEY, VA 24467",Medical - Injury / Trauma - Motor Vehicle Crash w/ Injury (MVC)
2026001445,"ST Highway Southbound STAUNTON, VA 24401","Hazardous Situation - Hazard Nonchemical - Motor Vehicle Collision (MVC, Traffic Crash- No Entrapment)"
2026001558,"0 Jefferson Highway STAUNTON, VA 24401",Hazardous Situation - Overpressure - No Rupture
2026001812,"22 North MEDICAL PARK Drive FISHERSVILLE, VA 22939",Medical - Illness - Unknown Problem
2026002179,"1 PURPLE COW Road WAYNESBORO, VA 22980","Hazardous Situation - Hazard Nonchemical - Motor Vehicle Collision (MVC, Traffic Crash- No Entrapment)"
2026002519,"611 East BEVERLY Street City of Staunton, VA 24401",Fire - Structure Fire - Structural Involvement
2026002906,"2148 I 81 North STAUNTON, VA 24401",Medical - Injury / Trauma - Motor Vehicle Crash w/ Injury (MVC)
2026003155,"882 I 64 West STAUNTON, VA 24401",Medical - Illness - No Appropriate Choice
2026003175,"1275 Good Creek Road FISHERSVILLE, VA 22939",Medical - Illness - Unconscious Victim
2026003363,"125 WESTGATE Road VERONA, VA 24482",Medical - Illness - Chest Pain (Non - Trauma)
2026003822,"5277 LEE-JACKSON Highway GREENVILLE, VA 24440","Rescue - Transportation (Land) - MVC, Traffic Crash w/Extrication / Entrapment"
2026004055,"1 LIFECORE Drive STAUNTON, VA 24401",Medical - Injury / Trauma - Motor Vehicle Crash w/ Injury (MVC)
2026004155,"1100 BLK RICHMOND Road City of Staunton, VA 24401","Hazardous Situation - Hazard Nonchemical - Motor Vehicle Collision (MVC, Traffic Crash- No Entrapment)"
2026004493,"1 WINDWARD Drive FISHERSVILLE, VA 22939",Medical - Injury / Trauma - Motor Vehicle Crash w/ Injury (MVC)
2026004560,"137 LEE-JACKSON Highway STAUNTON, VA 24401",Medical - Illness - Unknown Problem
2026004595,"892 I 64 E FISHERSVILLE, VA 22939",Medical - Injury / Trauma - Motor Vehicle Crash w/ Injury (MVC)
2026005026,"106 106 Community Way Unit 925COMMUNITY City of Staunton, VA 24401",Medical - Illness - Breathing Problems
2026005142,"1 HAYRICK Road WAYNESBORO, VA 22980","Hazardous Situation - Hazard Nonchemical - Motor Vehicle Collision (MVC, Traffic Crash- No Entrapment)"
2026005165,"433 SWOOPE LANE-ROCKBRIDGE Lane fairfield, VA 24435",Fire - Structure Fire - Structural Involvement
2026005619,"210 East Rock Street HFD STATION 4-HARRISONBURG Harrisonburg, VA 22802",Public Service - Other - Move - up
2026005718,"398 ROUND HILL SCHOOL Road FORT DEFIANCE, VA 24437",Fire - Outside Fire - Wildfire  -  Urban Interface
2026006198,"8277 GLEN COVE Lane Bridgewater, VA 22812",Fire - Structure Fire - Chimney Fire
2026006416,"RICHMOND Avenue City of Staunton, VA 24401",Medical - Injury / Trauma - Motor Vehicle Crash w/ Injury (MVC)
2026006792,"197 MT PISGAH Road MOUNT SIDNEY, VA 24467",Fire - Outside Fire - Wildfire  -  Urban Interface
2026006902,"339 BERRY-MOORE Road STAUNTON, VA 24440",Fire - Outside Fire - Wildfire  -  Wildland
2026007753,"3515 LEE-JACKSON Highway STAUNTON, VA 24401","Hazardous Situation - Hazard Nonchemical - Motor Vehicle Collision (MVC, Traffic Crash- No Entrapment)"
2026008016,"20 FRONTIER RIDGE Court City of Staunton, VA 24401",Public Service - Citizen Assist - Lift Assist
2026008281,"107 TURKEY RIDG Road GREENVILLE, VA 24440",Public Service - Citizen Assist - Lift Assist
2026008509,"1513 West BEVERLY Street City of Staunton, VA 24401",Medical - Injury / Trauma - Fall
2026008582,"RICHMOND Avenue Eastbound City of Staunton, VA 24401",Medical - Injury / Trauma - Motor Vehicle Crash w/ Injury (MVC)
2026008748,"313 North WAVERLY Street City of Staunton, VA 24401",Medical - Illness - Cardiac Arrest
2026008831,"RICHMOND Avenue City of Staunton, VA 24401",Public Service - Other - Damaged Hydrant
2026008987,"103 Valley Center Drive City of Staunton, VA 24401",Medical - Illness - Unconscious Victim
2026009541,"20 FRONTIER RIDGE Court City of Staunton, VA 24401",Fire - Transportation Fire - Vehicle Fire  -  Passenger
2026009749,"3499 LEE-JACKSON Highway STAUNTON, VA 24401",Medical - Illness - Convulsions / Seizures
2026011301,"2130 I 81 North STAUNTON, VA 24440","Hazardous Situation - Hazard Nonchemical - Motor Vehicle Collision (MVC, Traffic Crash- No Entrapment)"
2026011488,"32 Trader Road Fishersville, VA 22939",Medical - Other - Intercept Other Unit
2026012066,6500 BUCCEES Boulevard VA,Fire - Transportation Fire - Powered Mobility Device Fire
2026012117,"2370 I 81 North WEYERS CAVE, VA 24486","Hazardous Situation - Hazard Nonchemical - Motor Vehicle Collision (MVC, Traffic Crash- No Entrapment)"
2026012288,"2069 LEE-JACKSON Highway STAUNTON, VA 24401","Hazardous Situation - Hazard Nonchemical - Motor Vehicle Collision (MVC, Traffic Crash- No Entrapment)"
2026012298,"4751 LEE-JACKSON Highway Unit 103 GREENVILLE, VA 24440",Medical - Illness - Unconscious Victim
2026012307,"14 Frontier Ridge Court Staunton, VA 24401",Medical - Other - Medical Alarm
2026012327,"1 OAK DALE Lane STUARTS DRAFT, VA 24477",Fire - Structure Fire - Chimney Fire
2026012501,"14 Frontier Ridge Court City of Staunton, VA 24401",Medical - Other - Medical Alarm
2026012570,"107 TURKEY RIDGE Lane GREENVILLE, VA 24440",Medical - Other - Intercept Other Unit
2026012573,"State Highway (i.e. 42 & 262) 262 Southbound STAUNTON, VA 24401","Hazardous Situation - Hazard Nonchemical - Motor Vehicle Collision (MVC, Traffic Crash- No Entrapment)"
2026013391,"55 Construction Lane FISHERSVILLE, VA 22939",Hazardous Situation - Hazardous Materials - Gas Leak / Gas Odor
2026013492,"20 FRONTIER RIDGE Court City of Staunton, VA 24401",Medical - Illness - Chest Pain (Non - Trauma)
2026014277,"1176 SAINT JAMES Road STAUNTON, VA 24401",Medical - Injury / Trauma - Motor Vehicle Crash w/ Injury (MVC)
2026015105,"152 FAIRWAY Lane VERONA, VA 24482",Public Service - Alarms (Non Medical) - Fire / Smoke Alarm activation
2026015644,"398 262 Highway Staunton, VA 24401",Medical - Injury / Trauma - Motor Vehicle Crash w/ Injury (MVC)
2026015888,"8045 IRON HORSE Road Mount Crawford, VA 22841",Medical - Illness - No Appropriate Choice
2026016415,"2393 I 81 S-MT CRAWFORD Mount Crawford, VA 22841","Hazardous Situation - Hazard Nonchemical - Motor Vehicle Collision (MVC, Traffic Crash- No Entrapment)"
2026016508,"310 NEW HOPERD-STAUNTON City of Staunton, VA 24401",Fire - Outside Fire - Utility Infrastructure Fire
2026016610,"Richmond Avenue City of Staunton, VA 24401","Rescue - Transportation (Land) - MVC, Traffic Crash w/Extrication / Entrapment"
2026016693,"514 DUTCH HOLLOW Road MIDDLEBROOK, VA 24459",Public Service - Disaster / Weather - Weather Response (Tree Down)
2026016726,"1037 East SIDE Highway WAYNESBORO, VA 22980","Hazardous Situation - Hazard Nonchemical - Motor Vehicle Collision (MVC, Traffic Crash- No Entrapment)"
2026016731,"1015 Richmond Avenue City of Staunton, VA 24401",Medical - Illness - Chest Pain (Non - Trauma)
2026016879,"2778 LEE-JACKSON Highway Unit JACKSON STAUNTON, VA 24401",Fire - Outside Fire - Vegetation / Grass Fire
2026017162,"565 LEE-JACKSON Highway STAUNTON, VA 24401",Medical - Illness - Heart Problems
2026017171,"14 Frontier Ridge Court City of Staunton, VA 24401",Medical - Injury / Trauma - Fall
2026017995,"345 MT VERNON Road STUARTS DRAFT, VA 24477",Fire - Transportation Fire - Vehicle Fire  -  RV
2026018283,"95 LEE-JACKSON Highway STAUNTON, VA 24401",Medical - Injury / Trauma - Motor Vehicle Crash w/ Injury (MVC)
2026018419,"139 LEE-JACKSON Highway STAUNTON, VA 24401",Medical - Injury / Trauma - Motor Vehicle Crash w/ Injury (MVC)
2026018763,"3541 LEE-JACKSON Highway STAUNTON, VA 24401",Hazardous Situation - Hazardous Materials - Gas Leak / Gas Odor
2026018767,"8045 IRON HORSE Road Mount Crawford, VA 22841",Public Service - Citizen Assist - Lift Assist
2026019047,"2363 I 81 North WEYERS CAVE, VA 24486","Hazardous Situation - Hazard Nonchemical - Motor Vehicle Collision (MVC, Traffic Crash- No Entrapment)"
2026019138,"532 OLD PARKERSBURG TPKE SWOOPE, VA 24479",Public Service - Other - Standby
2026019302,"40 MT SIDNEY SCHOOL Lane MOUNT SIDNEY, VA 24467",Public Service - Citizen Assist - Lift Assist
2026019338,"258 East SIDE Highway WAYNESBORO, VA 22980","Hazardous Situation - Hazard Nonchemical - Motor Vehicle Collision (MVC, Traffic Crash- No Entrapment)"
2026019608,"398 State Highway (i.e. 42 & 262) Middle brook Road Staunton, VA 24401","Rescue - Transportation (Land) - MVC, Traffic Crash w/Extrication / Entrapment"
2026020222,"107 TURKEY RIDG GREENVILLE, VA 24440",Medical - Illness - Breathing Problems
2026020889,"1 OLD QUARRY Road MOUNT SOLON, VA 22843",Fire - Outside Fire - Other Outside Fire
2026020996,"2320 I 81 South MOUNT SIDNEY, VA 24467",Medical - Illness - Heart Problems
2026022013,"4709 LEE-JACKSON Highway GREENVILLE, VA 24440",Medical - Illness - Breathing Problems
2026022752,1000 SUP196 I 64 West VA 22920,Fire - Outside Fire - Vegetation / Grass Fire
2026023315,"1121 MONTOMGERY Avenue City of Staunton, VA 24401",Medical - Illness - Nausea / Vomiting
2026023351,"456 East SIDE Highway WAYNESBORO, VA 22980",Rescue - Transportation (Land) - Train and Rail Collision / Derailment
2026023449,"1 HERMITAGE Road STAUNTON, VA 24401",Medical - Injury / Trauma - Motor Vehicle Crash w/ Injury (MVC)
2026025794,"106 COMMUNITYWAY Unit 1013 City of Staunton, VA 24401",Medical - Illness - Nausea / Vomiting
2026025982,"1176 LEE-JACKSON Highway STAUNTON, VA 24401","Hazardous Situation - Hazard Nonchemical - Motor Vehicle Collision (MVC, Traffic Crash- No Entrapment)"
2026026535,"661 GLORIA PLACE-STAUNTON City of Staunton, VA 24401",Fire - Structure Fire - Structural Involvement
2026026680,"10836 COOKTOWN ROAD-BRIDGEWATER Bridgewater, VA 22812",Fire - Outside Fire - Other Outside Fire
2026026804,"2307 I 81 North FORT DEFIANCE, VA 24437",Medical - Injury / Trauma - Motor Vehicle Crash w/ Injury (MVC)
2026026891,"1200 LEE-JACKSON Highway STAUNTON, VA 24401",Hazardous Situation - Hazard Nonchemical - Electrical Power Line Down / Arcing / Malfunction
2026027353,"117 PHEASANT RUN Private Road WAYNESBORO, VA 22980",Hazardous Situation - Investigation - Smoke Investigation
2026027437,"4171 LEE-JACKSON Highway GREENVILLE, VA 24440",Medical - Illness - Allergic Reaction / Stings
2026027563,"1 STINGY HOLLOW Road STAUNTON, VA 24401",Public Service - Disaster / Weather - Weather Response (Tree Down)
2026027770,"1 COLLEGE Lane WEYERS CAVE, VA 24486",Rescue - Structure - Elevator / Escalator Rescue
2026028329,"246 HEARTHSTONE LAKE Road MOUNT SOLON, VA 22843",Fire - Outside Fire - Wildfire  -  Wildland
2026028466,"5418 LEE-JACKSON Highway Unit JACKSON GREENVILLE, VA 24440",Medical - Injury / Trauma - Motor Vehicle Crash w/ Injury (MVC)
2026028528,"468 LEE-JACKSON Highway STAUNTON, VA 24401","Hazardous Situation - Hazard Nonchemical - Motor Vehicle Collision (MVC, Traffic Crash- No Entrapment)"
2026028875,"22 North MEDICAL PARK Drive FISHERSVILLE, VA 22939",Medical - Illness - No Appropriate Choice
2026029098,"107 TURKEY RIDG GREENVILLE, VA 24440",Medical - Illness - Breathing Problems
2026029406,"456 East SIDE Highway WAYNESBORO, VA 22980","Hazardous Situation - Hazard Nonchemical - Motor Vehicle Collision (MVC, Traffic Crash- No Entrapment)"
2026029574,"3515 LEE-JACKSON Highway STAUNTON, VA 24401","Public Service - Citizen Assist - Citizen Assist / Service Call (Welfare Checks, Lockouts)"
2026029805,"1 ABBINGTON Road SWOOPE, VA 24479",Fire - Outside Fire - Other Outside Fire
2026030416,"636 LEE-JACKSON Highway STAUNTON, VA 24401",Hazardous Situation - Hazardous Materials - Fuel Spill / Fuel Odor
2026030745,"90 LEE-JACKSON Highway STAUNTON, VA 24401",Medical - Illness - Altered Mental Status
2026031106,"4320 LEE-JACKSON Highway GREENVILLE, VA 24440",Medical - Injury / Trauma - Other Traumatic Injury
2026031136,"Woodrow Wilson Boulevard Eastbound VERONA, VA 24482",Medical - Injury / Trauma - Motor Vehicle Crash w/ Injury (MVC)
2026031290,"Bridgewater, VA",Public Service - Disaster / Weather - Weather Response (Tree Down)
2026031811,"500 East SIDE Highway WAYNESBORO, VA 22980",Medical - Injury / Trauma - Motor Vehicle Crash w/ Injury (MVC)
2026031878,"2320 I 81 South MOUNT SIDNEY, VA 24467","Hazardous Situation - Hazard Nonchemical - Motor Vehicle Collision (MVC, Traffic Crash- No Entrapment)"
2026032018,"550 NEW HOPERD-STAUNTON City of Staunton, VA 24401",Medical - Illness - Chest Pain (Non - Trauma)
2026032208,"74 SCOTT-CHRISTIAN Road SWOOPE, VA 24479",Medical - Illness - Chest Pain (Non - Trauma)
2026032260,"554 MT PISGAH Road MOUNT SIDNEY, VA 24467",Fire - Outside Fire - Vegetation / Grass Fire
2026032616,"State Highway (i.e. 42 & 262) 262 Southbound STAUNTON, VA 24401",Fire - Transportation Fire - Vehicle Fire  -  Passenger
2026034359,"115 LEE-JACKSON Highway STAUNTON, VA 24401",Medical - Injury / Trauma - Motor Vehicle Crash w/ Injury (MVC)
2026034635,"4749 LEE-JACKSON Highway GREENVILLE, VA 24440",Public Service - Citizen Assist - Lift Assist
2026034697,"50 SHULL`S Lane MOUNT SOLON, VA 22843",Fire - Outside Fire - Other Outside Fire
2026034916,"42 UNNAMED Road MOUNT SOLON, VA 22843",Fire - Outside Fire - Wildfire  -  Wildland
2026035207,"1 ARCHER RUN Road CRAIGSVILLE, VA 24439",Hazardous Situation - Investigation - Smoke Investigation
2026035328,"3499 LEE-JACKSON Highway STAUNTON, VA 24401",Medical - Injury / Trauma - Hemorrhage / Laceration
2026035595,"1 CLEMMER RIDGE Lane WEST AUGUSTA, VA 24485",Hazardous Situation - Investigation - Smoke Investigation
2026035627,"4779 LEE-JACKSON Highway GREENVILLE, VA 24440",Medical - Illness - Diabetic Problems
2026035746,"1 DICK HUFF Lane VERONA, VA 24482",Hazardous Situation - Hazard Nonchemical - Electrical Power Line Down / Arcing / Malfunction
2026035936,"3541 LEE-JACKSON Highway STAUNTON, VA 24401",Medical - Injury / Trauma - Motor Vehicle Crash w/ Injury (MVC)
2026035991,"2060 I 81 South SPOTTSWOOD, VA 24476",Fire - Outside Fire - Vegetation / Grass Fire
2026036008,"3541 LEE-JACKSON Highway STAUNTON, VA 24401",Medical - Injury / Trauma - Motor Vehicle Crash w/ Injury (MVC)
2026036197,"58 OLD HICKORY Lane MOUNT SIDNEY, VA 24467",Medical - Injury / Trauma - Fall
2026036526,"1820 SPRING HILL ROAD City of Staunton, VA 24401",Fire - Structure Fire - Structural Involvement
2026036571,"THIRD Street City of Staunton, VA 24401",Hazardous Situation - Hazard Nonchemical - Electrical Power Line Down / Arcing / Malfunction
2026036686,"4779 LEE-JACKSON Highway GREENVILLE, VA 24440",Medical - Illness - Diabetic Problems
2026036968,"1611 LEE-JACKSON Highway STAUNTON, VA 24401",Fire - Structure Fire - Confined Cooking / Appliance Fire
2026036974,"3541 LEE-JACKSON Highway STAUNTON, VA 24401",Fire - Transportation Fire - Vehicle Fire  -  Commercial
2026037169,"2400 OLD PARKERSBURG TPKE Turnpike DEERFIELD, VA 24485",Public Service - Disaster / Weather - Weather Response (Tree Down)
2026037210,"20 FRONTIER RIDGE Court City of Staunton, VA 24401",Medical - Illness - Breathing Problems
2026037230,"213 HENKEL Road WAYNESBORO, VA 22980",Medical - Illness - Chest Pain (Non - Trauma)
2026037332,"State Highway (i.e. 42 & 262) 262 Eastbound Staunton, VA 24401","Hazardous Situation - Hazard Nonchemical - Motor Vehicle Collision (MVC, Traffic Crash- No Entrapment)"
2026038222,"1500 TINKLING SPRING Road STAUNTON, VA 24401",Public Service - Disaster / Weather - Weather Response (Tree Down)
2026039338,"49 LEE-JACKSON Highway STAUNTON, VA 24401",Law Enforcement Support
2026039363,"154 HOLLOW LN Road CRAIGSVILLE, VA 24430",Hazardous Situation - Investigation - Smoke Investigation
2026039572,"3541 LEE-JACKSON Highway STAUNTON, VA 24401",Medical - Injury / Trauma - Hemorrhage / Laceration
2026039665,"102 Crossing Way City of Staunton, VA 24401",Medical - Illness - Breathing Problems
2026040402,"State Highway (i.e. 42 & 262) 262 Southbound STAUNTON, VA 24401","Rescue - Transportation (Land) - MVC, Traffic Crash w/Extrication / Entrapment"
2026041524,"1108 TINKLING SPRING Road STAUNTON, VA 24401",Medical - Illness - Unconscious Victim
2026041897,"3541 LEE-JACKSON Highway STAUNTON, VA 24401",Medical - Illness - Pregnancy / Childbirth
2026041910,"1000 CEDAR GREEN Road STAUNTON, VA 24401","Hazardous Situation - Hazard Nonchemical - Motor Vehicle Collision (MVC, Traffic Crash- No Entrapment)"
2026042596,"1 LIFECORE Drive STAUNTON, VA 24401",Medical - Injury / Trauma - Hemorrhage / Laceration
2026042713,"1156 TINKLING SPRING Road STAUNTON, VA 24401",Fire - Outside Fire - Vegetation / Grass Fire
2026043498,"899 SR 262 State Highway (i.e. 42 & 262) ST 262 Highway Westbound STAUNTON, VA 24401",Hazardous Situation - Hazardous Materials - Fuel Spill / Fuel Odor
2026043676,"3499 LEE-JACKSON Highway STAUNTON, VA 24401","Hazardous Situation - Hazard Nonchemical - Motor Vehicle Collision (MVC, Traffic Crash- No Entrapment)"
2026044110,"4466 LEE-JACKSON Highway GREENVILLE, VA 24440",Medical - Illness - Cardiac Arrest
2026044557,"3499 LEE-JACKSON Highway STAUNTON, VA 24401",Medical - Illness - Convulsions / Seizures
2026044603,"58 OLD C&W RAILWAY Road MOUNT SOLON, VA 22843",Medical - Illness - No Appropriate Choice
2026044862,"33 GRINDSTONE Road BRIDGEWATER, VA 22812",Fire - Transportation Fire - Vehicle Fire  -  Passenger
2026045351,"90 LEE-JACKSON Highway STAUNTON, VA 24401",Public Service - Citizen Assist - Person In Distress
2026045521,"3496 LEE-JACKSON Highway Unit JACKSON STAUNTON, VA 24401",Fire - Outside Fire - Construction Waste
2026046794,"1398 HOWARDSVILLE TPKE Street STUARTS DRAFT, VA 24477",Public Service - Disaster / Weather - Weather Response (Tree Down)
2026046894,"132 LEE-JACKSON Highway STAUNTON, VA 24401",Medical - Illness - Back Pain (Non - Trauma)
2026047213,"300 ARCHER RUN Road CRAIGSVILLE, VA 24430","Hazardous Situation - Hazard Nonchemical - Motor Vehicle Collision (MVC, Traffic Crash- No Entrapment)"
2026047673,"4709 LEE-JACKSON Highway GREENVILLE, VA 24440",Medical - Illness - Breathing Problems
2026047768,"1 Lambert/Donaghe Street Staunton, VA 24401",Medical - Illness - Illness / Sick Person
2026048012,"100 East SIDE Highway WAYNESBORO, VA 22980",Fire - Outside Fire - Other Outside Fire
2026048623,"2300 STUARTS DRAFT Highway STUARTS DRAFT, VA 24477","Hazardous Situation - Hazard Nonchemical - Motor Vehicle Collision (MVC, Traffic Crash- No Entrapment)"
2026049633,"1 CHINA CLAY Road STUARTS DRAFT, VA 24477",Public Service - Disaster / Weather - Weather Response (Tree Down)
2026051256,"JEFFERSON Highway STAUNTON, VA 24401","Hazardous Situation - Hazard Nonchemical - Motor Vehicle Collision (MVC, Traffic Crash- No Entrapment)"
2026051408,"ST Highway Southbound STAUNTON, VA 24401","Hazardous Situation - Hazard Nonchemical - Motor Vehicle Collision (MVC, Traffic Crash- No Entrapment)"
2026051573,"3541 LEE-JACKSON Highway STAUNTON, VA 24401",Medical - Illness - Breathing Problems
2026051584,"132 LEE-JACKSON Highway STAUNTON, VA 24401",Medical - Illness - Altered Mental Status
2026052288,"1 QUICKS MILL Road VERONA, VA 24482","Hazardous Situation - Hazard Nonchemical - Motor Vehicle Collision (MVC, Traffic Crash- No Entrapment)"
2026052646,"1070 Eastside Highway WAYNESBORO, VA 22980","Hazardous Situation - Hazard Nonchemical - Motor Vehicle Collision (MVC, Traffic Crash- No Entrapment)"
2026053067,"4181 Oakridge rd Road Northbound Mount Crawford, VA 22841",Hazardous Situation - Hazard Nonchemical - Electrical Power Line Down / Arcing / Malfunction
2026053097,"1531 LEE-JACKSON Highway STAUNTON, VA 24401",Medical - Illness - Breathing Problems
2026053120,"1 MILL PLACE PKWY Road VERONA, VA 24482",Rescue - Transportation (Land) - Aviation/Aircraft Collision / Crash
2026053156,"212 LEE-JACKSON Highway Unit JACKSON STAUNTON, VA 24401","Hazardous Situation - Hazard Nonchemical - Motor Vehicle Collision (MVC, Traffic Crash- No Entrapment)"
2026053771,"1 INDIAN MOUND Road VERONA, VA 24482","Hazardous Situation - Hazard Nonchemical - Motor Vehicle Collision (MVC, Traffic Crash- No Entrapment)"
2026054080,"599 Street Highway STAUNTON, VA 24401","Hazardous Situation - Hazard Nonchemical - Motor Vehicle Collision (MVC, Traffic Crash- No Entrapment)"
2026054418,"7701 WINDY GROVE Road Bridgewater, VA 22812",Fire - Outside Fire - Trash / Rubbish Fire
2026054611,"2217 Eastside Highway CRIMORA, VA 24431","Hazardous Situation - Hazard Nonchemical - Motor Vehicle Collision (MVC, Traffic Crash- No Entrapment)"
2026054628,"500 Street Highway STAUNTON, VA 24401",Fire - Outside Fire - Vegetation / Grass Fire
2026055094,"ST Highway Northbound STAUNTON, VA 24401",Medical - Other - Landing Zone (LZ)
2026056455,"1 BALD ROCK Road VERONA, VA 24482","Hazardous Situation - Hazard Nonchemical - Motor Vehicle Collision (MVC, Traffic Crash- No Entrapment)"
2026056579,"1 HILDEBRAND CHURCH Road WAYNESBORO, VA 22980","Hazardous Situation - Hazard Nonchemical - Motor Vehicle Collision (MVC, Traffic Crash- No Entrapment)"
2026057209,"75 PINNACLE Drive apartment 103 FISHERSVILLE, VA 22939",Medical - Illness - Unconscious Victim
2026057462,"4171 LEE-JACKSON Highway GREENVILLE, VA 24440",Medical - Illness - Unknown Problem
2026057776,"854 PARKERSBURG Turnpike STAUNTON, VA 24401",Medical - Illness - Chest Pain (Non - Trauma)
2026058361,"59 WILLIAM COUSINS Road STAUNTON, VA 24401",Public Service - Disaster / Weather - Weather Response (Tree Down)
2026058374,"640 NATURAL CHIMNEYS Road MOUNT SOLON, VA 22843",Public Service - Disaster / Weather - Weather Response (Tree Down)
2026058376,"1063 CALF MOUNTAIN Road WAYNESBORO, VA 22980",Medical - Illness - No Appropriate Choice
2026058389,"55 AVON Avenue WAYNESBORO, VA 22980",Hazardous Situation - Hazard Nonchemical - Electrical Power Line Down / Arcing / Malfunction
2026058450,"243 RANKIN Lane STUARTS DRAFT, VA 24477",Rescue - Structure - Building Collapse / Structure Collapse
2026058461,"21 WOODLEE Road Apartment 321 Staunton, VA 24401",Medical - Illness - Chest Pain (Non - Trauma)
2026058469,"500 LITTLE RIVER Road GOSHEN, VA 24439",Public Service - Disaster / Weather - Weather Response (Tree Down)
2026058480,"231 RANKIN Lane STUARTS DRAFT, VA 24477",Public Service - Disaster / Weather - Weather Response (Tree Down)
2025-100325,"Buccee's Boulevard, Town of Mount Crawford, VA, 22841",No Emergency - Cancelled (or No Response)
2025-110530,"239.6 North Interstate 81 Highway, Town of Mount Crawford, VA, 22841",No Emergency - Good Intent - Smoke From Nonhostile Source (Smoke Scare)
2025000154,"500 ST Highway, STAUNTON, VA, 24401",No Emergency - Cancelled (or No Response)
2025000947,"MM 89 Interstate 64 East, FISHERSVILLE, VA, 22939",Hazardous Situation - Hazardous Materials - Fuel Spill / Fuel Odor
2025001061,"MM 221 Interstate 81 South, STAUNTON, VA, 24401","Hazardous Situation - Hazard Nonchemical - Motor Vehicle Collision (MVC,  Traffic Crash- No Entrapment)"
2025001258,"3541 LEE-JACKSON Highway, STAUNTON, VA, 24401",Medical - Illness
2025002099,"14 FRONTIER RIDGE COURT-STAUNTON, City of Staunton, VA, 24401",Medical - Illness
2025002145,"1 QUICKS MILL Road, VERONA, VA, 24482",Medical - Injury / Trauma - Motor Vehicle Crash w/ Injury (MVC)
2025002252,"MM 214 Interstate 81 South, STAUNTON, VA, 24401",Hazardous Situation - Hazardous Materials - Fuel Spill / Fuel Odor
2025002298,"6364 South VALLEY PIKE-MT CRAWFORD, Mount Crawford, VA, 22841",No Emergency - Cancelled (or No Response)
2025002472,"1099 ST Highway, VERONA, VA, 24401","Hazardous Situation - Hazard Nonchemical - Motor Vehicle Collision (MVC,  Traffic Crash- No Entrapment)"
2025002696,"4224 LEE-JACKSON Highway, GREENVILLE, VA, 24440",No Emergency - Cancelled (or No Response)
2025002750,"FRONTIER RIDGE Court, City of Staunton, VA, 24401",Medical - Injury / Trauma - Motor Vehicle Crash w/ Injury (MVC)
2025003843,"3554 LEE-JACKSON Highway, STAUNTON, VA, 24401",Medical - Illness
2025004029,"RICHMOND Avenue, City of Staunton, VA, 24401",Medical - Injury / Trauma - Motor Vehicle Crash w/ Injury (MVC)
2025004083,"191 PARKERSBURG TPKE, STAUNTON, VA, 24401","Hazardous Situation - Hazard Nonchemical - Motor Vehicle Collision (MVC,  Traffic Crash- No Entrapment)"
2025004099,"3499 LEE-JACKSON Highway, STAUNTON, VA, 24401","Hazardous Situation - Hazard Nonchemical - Motor Vehicle Collision (MVC,  Traffic Crash- No Entrapment)"
2025004394,"398 ST Hwy 262 Highway, Staunton, VA, 24401",Medical - Injury / Trauma - Motor Vehicle Crash w/ Injury (MVC)
2025004640,"880 BERRY-MOORE Road, GREENVILLE, VA, 24440","Hazardous Situation - Hazard Nonchemical - Motor Vehicle Collision (MVC,  Traffic Crash- No Entrapment)"
2025004762,"111 FAIRWAY Lane, VERONA, VA, 24482","Hazardous Situation - Hazard Nonchemical - Motor Vehicle Collision (MVC,  Traffic Crash- No Entrapment)"
2025005539,"3499 LEE-JACKSON Highway, STAUNTON, VA, 24401",Medical - Illness
2025005673,"9080 OLD COUNTY ROAD-GROTTOES, Town of Grottoes, VA, 24441",No Emergency - Cancelled (or No Response)
2025005738,"1626 HOWARDSVILLE TPKE, STUARTS DRAFT, VA, 24477",Medical - Injury / Trauma - Motor Vehicle Crash w/ Injury (MVC)
2025005743,"HERMITAGE Road, STAUNTON, VA, 24401","Hazardous Situation - Hazard Nonchemical - Motor Vehicle Collision (MVC,  Traffic Crash- No Entrapment)"
2025005828,"1709 INGLEWOOD Drive, City of Staunton, VA, 24401",Medical - Illness
2025005938,"200 DR-STAUNTON Drive, STAUNTON, VA, 24401",No Emergency - False Alarm - Accidental Alarm
2025006101,"1496 East SIDE Highway, WAYNESBORO, VA, 22980",Public Service - Disaster / Weather - Weather Response (Tree Down)
2025006252,"1 MILLER FARM Road, STAUNTON, VA, 24479","Hazardous Situation - Hazard Nonchemical - Motor Vehicle Collision (MVC,  Traffic Crash- No Entrapment)"
2025006620,"720 SHENANDOAHAVE-WAYNESBORO, Waynesboro, VA, 22980",Fire - Structure Fire - Chimney Fire
2025006627,"St Hwy 262/Middlebrook Ave Middlebrook Ave Highway, City of Staunton, VA, 24401","Hazardous Situation - Hazard Nonchemical - Motor Vehicle Collision (MVC,  Traffic Crash- No Entrapment)"
2025006634,"1782 LEE-JACKSON Highway, STAUNTON, VA, 24401",No Emergency - Cancelled (or No Response)
2025007249,"1 PURPLE COW Road, WAYNESBORO, VA, 22980",Medical - Illness
2025007337,"234 MT PISGAH Road, MOUNT SIDNEY, VA, 24467",Medical - Illness
2025007350,"Dooms crossing, Waynesboro, VA, 22980","Public Service - Citizen Assist - Citizen Assist / Service Call (Welfare Checks, Lockouts)"
2025007568,"4743 LEE-JACKSON Highway, GREENVILLE, VA, 24440",Medical - Illness
2025007709,"65 LIFECORE Drive, STAUNTON, VA, 24401",Medical - Injury / Trauma - Motor Vehicle Crash w/ Injury (MVC)
2025007900,"RICHMOND Avenue, City of Staunton, VA, 24401",Medical - Injury / Trauma - Motor Vehicle Crash w/ Injury (MVC)
2025007947,"16903 BLUE RIDGE PKWY, Waynesboro, VA, 22980","Public Service - Citizen Assist - Citizen Assist / Service Call (Welfare Checks, Lockouts)"
2025007975,"AUGUSTA Avenue, Town of Grottoes, VA, 24441",No Emergency - Cancelled (or No Response)
2025008149,"1244 HOWARDSVILLE TPKE, STUARTS DRAFT, VA, 24477","Hazardous Situation - Hazard Nonchemical - Motor Vehicle Collision (MVC,  Traffic Crash- No Entrapment)"
2025008155,"224 Point Street, City of Staunton, VA, 24401",No Emergency - False Alarm - Accidental Alarm
2025008173,"1356 East SIDE Highway, WAYNESBORO, VA, 22980",Medical - Illness
2025008241,"2992 LEE-JACKSON Highway, STAUNTON, VA, 24401","Hazardous Situation - Hazard Nonchemical - Motor Vehicle Collision (MVC,  Traffic Crash- No Entrapment)"
2025008298,"839 BURKE`S MILL Road, MOUNT SIDNEY, VA, 24467",Medical - Illness
2025008811,"WAFFLE HOUSE, City of Staunton, VA, 24401",Medical - Illness
2025009005,"COMMONWEALTH CENTER-STAUNTON, City of Staunton, VA, 24401",Medical - Illness
2025009118,"2608 LEE-JACKSON Highway, STAUNTON, VA, 24401","Public Service - Citizen Assist - Citizen Assist / Service Call (Welfare Checks, Lockouts)"
2025009156,"320 ST HWY 262 Highway, Staunton, VA, 24401",No Emergency - Cancelled (or No Response)
2025009173,"Elm Ave, Town of Grottoes, VA, 24441",Fire - Structure Fire - Structural Involvement
2025009452,"LEE HWY/SUMMIT CHURCH Road, Mount Crawford, VA, 22841",No Emergency - Cancelled (or No Response)
2025009548,"107 TURKEY RIDG, GREENVILLE, VA, 24440",No Emergency - Cancelled (or No Response)
2025009583,"14 FRONTIER RDIGE Court, City of Staunton, VA, 24401",Medical - Illness
2025009639,"990 HOPEMAN PKWY-WAYNESBORO, Waynesboro, VA, 22980",No Emergency - Good Intent - Smoke From Nonhostile Source (Smoke Scare)
2025010034,"1848 PARKERSBURG TPKE, SWOOPE, VA, 24479",Hazardous Situation - Hazard Nonchemical - Electrical Power Line Down / Arcing / Malfunction
2025010273,"2608 LEE-JACKSON Highway, STAUNTON, VA, 24401",No Emergency - Cancelled (or No Response)
2025010307,"2608 LEE-JACKSON Highway, STAUNTON, VA, 24401",Law Enforcement Support
2025010471,"3507 LEE-JACKSON Highway, STAUNTON, VA, 24401",Medical - Injury / Trauma - Motor Vehicle Crash w/ Injury (MVC)
2025010894,"2411 LEE-JACKSON Highway, STAUNTON, VA, 24401",Medical - Illness
2025011167,"MM 221 Interstate 81 North, STAUNTON, VA, 24401",Medical - Illness
2025011360,"110 RED OAKS Drive, City of Staunton, VA, 24401",Medical - Illness
2025011443,"262 ST Highway, Staunton, VA, 24401",Medical - Injury / Trauma - Motor Vehicle Crash w/ Injury (MVC)
2025011561,"204 West AUGUSTA Road, WEST AUGUSTA, VA, 24485",Hazardous Situation - Hazardous Materials - Hazardous Material Release (Chemical from Fixed Facility)
2025011565,"1 BROOKS Lane, WEST AUGUSTA, VA, 24485",Hazardous Situation - Hazardous Materials - Hazardous Material Release (Chemical from Fixed Facility)
2025011571,"204 West AUGUSTA Road, WEST AUGUSTA, VA, 24485",Hazardous Situation - Hazardous Materials - Hazardous Material Release (Chemical from Fixed Facility)
2025011591,"100 MT TABOR Road, STAUNTON, VA, 24401",Hazardous Situation - Hazardous Materials - Hazardous Material Release (Chemical from Fixed Facility)
2025011922,"859 BURKE`S MILL Road, MOUNT SIDNEY, VA, 24467","Public Service - Citizen Assist - Citizen Assist / Service Call (Welfare Checks, Lockouts)"
2025012069,"303 LEE-JACKSON Highway, STAUNTON, VA, 24401",Medical - Illness
2025012293,"MM 220 Interstate 81 North, STAUNTON, VA, 24401","Hazardous Situation - Hazard Nonchemical - Motor Vehicle Collision (MVC,  Traffic Crash- No Entrapment)"
2025012594,"1628 TINKLING SPRING Road, STAUNTON, VA, 24401","Hazardous Situation - Hazard Nonchemical - Motor Vehicle Collision (MVC,  Traffic Crash- No Entrapment)"
2025013008,"104 OAK STONE RUN, City of Staunton, VA, 24401",Fire - Outside Fire - Construction Waste
2025013064,"90 LEE-JACKSON Highway, STAUNTON, VA, 24401",Medical - Illness
2025013304,"2069 LEE-JACKSON Highway, STAUNTON, VA, 24401","Hazardous Situation - Hazard Nonchemical - Motor Vehicle Collision (MVC,  Traffic Crash- No Entrapment)"
2025013318,"1468 LEE-JACKSON Highway, STAUNTON, VA, 24401",No Emergency - Good Intent - Nothing Found Upon Arrival / Location Error / Unfounded
2025013325,"1670 LEE-JACKSON Highway, STAUNTON, VA, 24401",Medical - Injury / Trauma - Motor Vehicle Crash w/ Injury (MVC)
2025013394,"West BEVERLEY, City of Staunton, VA, 24401",No Emergency - Cancelled (or No Response)
2025013695,"461 North DELPHINEAVE-WAYNESBORO, Waynesboro, VA, 22980",No Emergency - Cancelled (or No Response)
2025013709,"416 North AUGUSTA AVE WAYNESBORO, Waynesboro, VA, 22980",Medical - Illness
2025014116,"210 Rock Street, City of Harrisonburg, VA, 22801",Public Service - Other - Move - up
2025014118,"201 IKENBURY SERVICE Drive, Harrisonburg, VA, 22807",No Emergency - Cancelled (or No Response)
2025014319,"4614 LEE-JACKSON Highway, GREENVILLE, VA, 24440",Fire - Structure Fire - Structural Involvement
2025014708,"MM 206 Interstate 81 South, SPOTTSWOOD, VA, 24476",No Emergency - Cancelled (or No Response)
2025014839,"1 MID VALLEY Lane, VERONA, VA, 24482",Hazardous Situation - Hazard Nonchemical - Electrical Power Line Down / Arcing / Malfunction
2025014882,"565 LEE-JACKSON Highway, STAUNTON, VA, 24401",Medical - Illness
2025014896,"200 MT TABOR Road, STAUNTON, VA, 24401",Hazardous Situation - Hazardous Materials - Hazardous Material Release (Chemical from Fixed Facility)
2025014905,"1 LUCK STONE Road, STAUNTON, VA, 24401",Hazardous Situation - Hazard Nonchemical - Electrical Power Line Down / Arcing / Malfunction
2025014917,"3027 LEE-JACKSON Highway, STAUNTON, VA, 24401","Public Service - Citizen Assist - Citizen Assist / Service Call (Welfare Checks, Lockouts)"
2025014930,"4088 LEE-JACKSON Highway, GREENVILLE, VA, 24440",Hazardous Situation - Hazardous Materials - Hazardous Material Release (Chemical from Fixed Facility)
2025014942,"2420 West BEVERLY Street, City of Staunton, VA, 24401",Rescue - Structure - Building Collapse / Structure Collapse
2025014950,"1 NEW HOPE AND CRIMORA Road, WAYNESBORO, VA, 24401",Hazardous Situation - Hazardous Materials - Hazardous Material Release (Chemical from Fixed Facility)
2025014953,"High Street, City of Staunton, VA, 24401",Hazardous Situation - Hazard Nonchemical - Electrical Power Line Down / Arcing / Malfunction
2025014963,"6 SAMUEL BEAR`S Road, WEYERS CAVE, VA, 24486",Hazardous Situation - Hazard Nonchemical - Electrical Hazard / Short Circuit
2025015046,"50 SIGNAL Lane, STUARTS DRAFT, VA, 24477","Public Service - Citizen Assist - Citizen Assist / Service Call (Welfare Checks, Lockouts)"
2025015072,"50 SIGNAL Lane, STUARTS DRAFT, VA, 24477",Hazardous Situation - Hazard Nonchemical - Electrical Hazard / Short Circuit
2025015837,"32 NURSERY Road, STUARTS DRAFT, VA, 24477",No Emergency - Cancelled (or No Response)
2025015872,"1119 DINKLE Avenue, Bridgewater, VA, 22812",No Emergency - Cancelled (or No Response)
2025015992,"565 LEE-JACKSON Highway, STAUNTON, VA, 24401",Medical - Illness
2025016000,"14 FRONTIER RIDGE CRT-STAUNTON, Staunton, VA, 24401",Medical - Illness
2025016037,"700 LEE-JACKSON Highway, STAUNTON, VA, 24401","Hazardous Situation - Hazard Nonchemical - Motor Vehicle Collision (MVC,  Traffic Crash- No Entrapment)"
2025016550,"150 BEARS DEN TRL, GREENVILLE, VA, 24440",No Emergency - Good Intent - Controlled Burning (Authorized)
2025016686,"1 BAYNES Road, WAYNESBORO, VA, 22980",No Emergency - Good Intent - Nothing Found Upon Arrival / Location Error / Unfounded
2025016921,"1 NATURAL CHIMNEYS Road, MOUNT SOLON, VA, 22843","Hazardous Situation - Hazard Nonchemical - Motor Vehicle Collision (MVC,  Traffic Crash- No Entrapment)"
2025017245,"719 ELIZABETH MILLER GARDENS, City of Staunton, VA, 24401",No Emergency - Cancelled (or No Response)
2025017448,"1131 B MONTGOMERY AVE APT 213, City of Staunton, VA, 24401",No Emergency - Cancelled (or No Response)
2025018048,"Statler Boulevard, City of Staunton, VA, 24401",Medical - Injury / Trauma - Motor Vehicle Crash w/ Injury (MVC)
2025018074,"1 LIFECORE Drive, STAUNTON, VA, 24401",No Emergency - Cancelled (or No Response)
2025018292,"STONEY LICK Road, North River, VA, 22841",Fire - Outside Fire - Vegetation / Grass Fire
2025018422,"STATLER Boulevard, City of Staunton, VA, 24401",Hazardous Situation - Hazard Nonchemical - Electrical Power Line Down / Arcing / Malfunction
2025018709,"1452 TINKLING SPRING Road, STAUNTON, VA, 24401",Medical - Injury / Trauma - Motor Vehicle Crash w/ Injury (MVC)
2025018827,"BRALEY POND Mountain, WEST AUGUSTA, VA, 22843",Fire - Outside Fire - Vegetation / Grass Fire
2025019078,"2203 LEE-JACKSON Highway, STAUNTON, VA, 24401",Fire - Outside Fire - Vegetation / Grass Fire
2025019523,"1000 BLK E MAIN Street, Waynesboro, VA, 22980",Fire - Outside Fire - Wildfire  -  Wildland
2025019665,"550 ST Highway, STAUNTON, VA, 24401",Fire - Outside Fire - Vegetation / Grass Fire
2025019726,"211 ST-BRIDGEWATER Lane, GREENVILLE, VA, 24440",No Emergency - Cancelled (or No Response)
2025020887,"LEE-JACKSON Highway, STAUNTON, VA, 24401","Rescue - Transportation (Land) - MVC, Traffic Crash w/Extrication / Entrapment"
2025020938,"1199 ST Highway, VERONA, VA, 24482","Hazardous Situation - Hazard Nonchemical - Motor Vehicle Collision (MVC,  Traffic Crash- No Entrapment)"
2025021033,"MM 224 Interstate 81 South, STAUNTON, VA, 24401","Hazardous Situation - Hazard Nonchemical - Motor Vehicle Collision (MVC,  Traffic Crash- No Entrapment)"
2025021602,"2700 UNNAMED Road, Mount Solon, VA, 22843",Fire - Outside Fire - Trash / Rubbish Fire
2025021783,"320 East SIDE Highway, WAYNESBORO, VA, 22980",Fire - Outside Fire - Vegetation / Grass Fire
2025022012,"838 BERRY-MOORE Road, GREENVILLE, VA, 24440",Medical - Illness
2025022106,"9961 MINE SHACK Lane, Dayton, VA, 22821",No Emergency - Cancelled (or No Response)
2025022413,"SHEETZ-STAUNTON, City of Staunton, VA, 24401","Public Service - Citizen Assist - Citizen Assist / Service Call (Welfare Checks, Lockouts)"
2025022446,"137 LEE-JACKSON Highway, STAUNTON, VA, 24401",Medical - Illness
2025022759,"132 LEE-JACKSON Highway, STAUNTON, VA, 24401",Medical - Illness
2025023324,"107 TURKEY RIDG, GREENVILLE, VA, 24440","Public Service - Citizen Assist - Citizen Assist / Service Call (Welfare Checks, Lockouts)"
2025023468,"130 LEE-JACKSON Highway, STAUNTON, VA, 24401",Medical - Illness
2025023712,"1 BUCKEYE Lane, WEST AUGUSTA, VA, 24485",No Emergency - Cancelled (or No Response)
2025023903,"Exit 213 A ramp Interstate 81 South, STAUNTON, VA, 24440","Hazardous Situation - Hazard Nonchemical - Motor Vehicle Collision (MVC,  Traffic Crash- No Entrapment)"
2025024552,"HERMITAGE Road, STAUNTON, VA, 24401",Hazardous Situation - Hazardous Materials - Fuel Spill / Fuel Odor
2025024706,"Frontier Drive, City of Staunton, VA, 24401","Public Service - Citizen Assist - Citizen Assist / Service Call (Welfare Checks, Lockouts)"
2025024708,"MM 89 Interstate 64 East, FISHERSVILLE, VA, 22939",Hazardous Situation - Overpressure - No Rupture
2025025053,"816 CARSONS Circle, Town of Grottoes, VA, 24441",No Emergency - Cancelled (or No Response)
2025025076,"1 LODGE Lane, VERONA, VA, 24482",Medical - Injury / Trauma - Motor Vehicle Crash w/ Injury (MVC)
2025025291,"5688 South VALLEY PIKE-MT CRAWFORD, Bridgewater, VA, 22812",No Emergency - Cancelled (or No Response)
2025025444,"83 DEER TRL, GREENVILLE, VA, 24440",Fire - Outside Fire - Trash / Rubbish Fire
2025025495,"1912 LEE-JACKSON Highway, STAUNTON, VA, 24401",Hazardous Situation - Hazardous Materials - Fuel Spill / Fuel Odor
2025025686,"1 NASH Road, MOUNT SOLON, VA, 22812",Fire - Structure Fire - Structural Involvement
2025025873,"ST HWY 262 Highway, VERONA, VA, 24401","Hazardous Situation - Hazard Nonchemical - Motor Vehicle Collision (MVC,  Traffic Crash- No Entrapment)"
2025025967,"3500 LEE-JACKSON Highway, STAUNTON, VA, 24401","Public Service - Citizen Assist - Citizen Assist / Service Call (Welfare Checks, Lockouts)"
2025025983,"mile marker 1 BLUE RIDGE PARKWAY, Afton, VA, 22920",Hazardous Situation - Hazardous Materials - Fuel Spill / Fuel Odor
2025026336,"RAVENS ROOST-BLUE RIDGE PARKWAY, Lyndhurst, VA, 22952",Fire - Transportation Fire - Vehicle Fire  -  Passenger
2025026655,"599 ST Highway, STAUNTON, VA, 24401",Fire - Outside Fire - Vegetation / Grass Fire
2025026689,"87 W 64 West, STAUNTON, VA, 24401",Fire - Outside Fire - Vegetation / Grass Fire
2025026932,"398 ST Highway, City of Staunton, VA, 24401",No Emergency - Cancelled (or No Response)
2025027711,"1215 ST Highway, VERONA, VA, 24482","Hazardous Situation - Hazard Nonchemical - Motor Vehicle Collision (MVC,  Traffic Crash- No Entrapment)"
2025028449,"LEE Highway, Weyers Cave, VA, 24486",No Emergency - Cancelled (or No Response)
2025028746,"3541 LEE-JACKSON Highway, STAUNTON, VA, 24401",No Emergency - Cancelled (or No Response)
2025029079,"2829 LEE-JACKSON Highway, STAUNTON, VA, 24401","Hazardous Situation - Hazard Nonchemical - Motor Vehicle Collision (MVC,  Traffic Crash- No Entrapment)"
2025029245,"262 ST Highway, VERONA, VA, 24482",Medical - Injury / Trauma - Motor Vehicle Crash w/ Injury (MVC)
2025029263,"10 OAKVIEW Drive, City of Staunton, VA, 24401",No Emergency - Cancelled (or No Response)
2025029292,"1605 East SIDE Highway, WAYNESBORO, VA, 22980","Hazardous Situation - Hazard Nonchemical - Motor Vehicle Collision (MVC,  Traffic Crash- No Entrapment)"
2025029435,"2800 COAL Road, STUARTS DRAFT, VA, 24477","Public Service - Citizen Assist - Citizen Assist / Service Call (Welfare Checks, Lockouts)"
2025029562,"JEFFERSON Highway, STAUNTON, VA, 24401",No Emergency - Good Intent - Nothing Found Upon Arrival / Location Error / Unfounded
2025030017,"2992 LEE-JACKSON Highway, STAUNTON, VA, 24401","Hazardous Situation - Hazard Nonchemical - Motor Vehicle Collision (MVC,  Traffic Crash- No Entrapment)"
2025030082,"2608 LEE-JACKSON Highway, STAUNTON, VA, 24401",Medical - Illness
2025031009,"20 FRONTIER RIDGE CRT, City of Staunton, VA, 24401",Public Service - Citizen Assist - Lift Assist
2025031062,"4619 LEE-JACKSON Highway, GREENVILLE, VA, 24440",Medical - Illness
2025031235,"240 FRONTIER DR-STAUNTON, City of Staunton, VA, 24401",No Emergency - False Alarm - Accidental Alarm
2025031239,"HOPE Road, City of Staunton, VA, 24401",Medical - Illness
2025031465,"CAPTAIN SHANDS Road, Weyers Cave, VA, 24486",No Emergency - Cancelled (or No Response)
2025031670,"1 COLLEGE Lane, WEYERS CAVE, VA, 24486",Medical - Other - Standby Request
2025031677,"North CHARLAINE Drive, City of Staunton, VA, 24401",Medical - Illness
2025031750,"1 COLLEGE Lane, WEYERS CAVE, VA, 24486",Fire - Transportation Fire - Vehicle Fire  -  Passenger
2025031842,"49 LEE-JACKSON Highway, STAUNTON, VA, 24401","Hazardous Situation - Hazard Nonchemical - Motor Vehicle Collision (MVC,  Traffic Crash- No Entrapment)"
2025031989,"1912 LEE-JACKSON Highway, STAUNTON, VA, 24401","Public Service - Citizen Assist - Citizen Assist / Service Call (Welfare Checks, Lockouts)"
2025032060,"3499 LEE-JACKSON Highway, STAUNTON, VA, 24401",Medical - Illness
2025032084,"22 OLD C&W RAILWAY Road, MOUNT SOLON, VA, 22843",Medical - Illness
2025032322,"Interstate 81 Exit 225 ramp North, STAUNTON, VA, 24401",Fire - Transportation Fire - Vehicle Fire  -  Passenger
2025032402,"MM 222.3 Interstate 81 South, STAUNTON, VA, 24401","Hazardous Situation - Hazard Nonchemical - Motor Vehicle Collision (MVC,  Traffic Crash- No Entrapment)"
2025032460,"MM 222 Interstate 81 North, STAUNTON, VA, 24401","Hazardous Situation - Hazard Nonchemical - Motor Vehicle Collision (MVC,  Traffic Crash- No Entrapment)"
2025032620,"1680 HOWARDSVILLE TPKE, STUARTS DRAFT, VA, 24477",No Emergency - Good Intent - Smoke From Nonhostile Source (Smoke Scare)
2025032688,"2700 UNNAMED Road, MOUNT SOLON, VA, 22812",Public Service - Citizen Assist - Person In Distress
2025033228,"20 FRONTIER RIDGE CRT-STAUNTON, City of Staunton, VA, 24401",Medical - Illness
2025033926,"152 FAIRWAY Lane, VERONA, VA, 24482",No Emergency - Cancelled (or No Response)
2025034277,"552 LEE-JACKSON Highway, STAUNTON, VA, 24401",Medical - Illness
2025034388,"SAWMILL OVERLOOK MM95.3, Crimora, VA, 24431",Medical - Illness
2025034512,"810 Geoffey Street, City of Staunton, VA, 24401",No Emergency - False Alarm - Malfunctioning Alarm
2025034674,"RIP RAP TRAIL HEAD, Waynesboro, VA, 22980",No Emergency - Cancelled (or No Response)
2025034676,"RIP RAP TRAIL HEAD, Crimora, VA, 24431",No Emergency - Cancelled (or No Response)
2025034756,"120 RED OAKS Drive, City of Staunton, VA, 24401",Medical - Illness
2025034855,"20 FRONTIER RIDGE CT STAUNTON, Staunton, VA, 24401",Medical - Illness
2025034876,"42 MIDDLEBROOKAVE-STAUNTON, City of Staunton, VA, 24401",Fire - Outside Fire - Other Outside Fire
2025034890,"478 ST MARYS Road, RAPHINE, VA, 24472",Medical - Illness
2025034911,"600 LEE-JACKSON Highway, STAUNTON, VA, 24401","Hazardous Situation - Hazard Nonchemical - Motor Vehicle Collision (MVC,  Traffic Crash- No Entrapment)"
2025035312,"Three Notched Mountain West, WAYNESBORO, VA, 22980",Hazardous Situation - Hazardous Materials - Fuel Spill / Fuel Odor
2025035423,"610 MT PISGAH Road, MOUNT SIDNEY, VA, 24467",Medical - Illness
2025035874,"1 TOWNHOUSE Lane, WAYNESBORO, VA, 22980",Law Enforcement Support
2025035887,"1938 LEE-JACKSON Highway, STAUNTON, VA, 24401",Fire - Outside Fire - Utility Infrastructure Fire
2025035948,"20 FRONTIER RIDGE CT STN, Staunton, VA, 24401",Medical - Illness
2025036060,"Spotswood Trail, Dyke, VA, 22935",Hazardous Situation - Hazardous Materials - Fuel Spill / Fuel Odor
2025036218,"10540 ROCKFISH GAP TPKE-NELSON, Afton, VA, 22920",No Emergency - Cancelled (or No Response)
2025036477,"40 MT SIDNEY SCHOOL Lane, MOUNT SIDNEY, VA, 24467",Medical - Illness
2025037001,"5418 LEE-JACKSON Highway, GREENVILLE, VA, 24440","Hazardous Situation - Hazard Nonchemical - Motor Vehicle Collision (MVC,  Traffic Crash- No Entrapment)"
2025037012,"152 FAIRWAY Lane, VERONA, VA, 24482",Rescue - Structure - Elevator / Escalator Rescue
2025037757,"3499 LEE-JACKSON Highway, STAUNTON, VA, 24401",Medical - Illness
2025037813,"99 Interstate 64 West, WAYNESBORO, VA, 22980",Medical - Illness
2025037852,"1783 UNNAMED_100, MOUNT SOLON, VA, 22843","Public Service - Citizen Assist - Citizen Assist / Service Call (Welfare Checks, Lockouts)"
2025038146,"3541 LEE-JACKSON Highway, STAUNTON, VA, 24401",Medical - Illness
2025038395,"4330 COAL Road, STUARTS DRAFT, VA, 24477",No Emergency - Cancelled (or No Response)
2025038620,"6185 LEE-JACKSON Highway, RAPHINE, VA, 24472",No Emergency - Cancelled (or No Response)
2025038802,"HOPE RD STAUNTON, City of Staunton, VA, 24401",Medical - Illness
2025038902,"162 ST Highway, STAUNTON, VA, 24401",Medical - Injury / Trauma - Motor Vehicle Crash w/ Injury (MVC)
2025038996,"14 FRONTIER RIDGE CRT-STAUNTON, City of Staunton, VA, 24401",Medical - Illness
2025039324,"5163 East TIMBERRIDGE Road, Town of Mount Crawford, VA, 22841",Fire - Outside Fire - Other Outside Fire
2025039376,"MP 7 BLUE RIDGE PARKWAY, Lyndhurst, VA, 22952",Public Service - Disaster / Weather - Weather Response (Tree Down)
2025039488,"200 LEE-JACKSON Highway, STAUNTON, VA, 24401","Hazardous Situation - Hazard Nonchemical - Motor Vehicle Collision (MVC,  Traffic Crash- No Entrapment)"
2025039655,"Interstate 81 North, STAUNTON, VA, 24401",Fire - Transportation Fire - Vehicle Fire  -  Commercial
2025039772,"1 COLLEGE Lane, WEYERS CAVE, VA, 24486",No Emergency - False Alarm - Malfunctioning Alarm
2025040117,"4466 LEE-JACKSON Highway, GREENVILLE, VA, 24440",Medical - Illness
2025040360,"1680 HOWARDSVILLE TPKE, STUARTS DRAFT, VA, 24477",Medical - Injury / Trauma - Motor Vehicle Crash w/ Injury (MVC)
2025040521,"MM 215.8 Interstate 81 North, STAUNTON, VA, 24401",Medical - Injury / Trauma - Motor Vehicle Crash w/ Injury (MVC)
2025041040,"PARSON Street, Town of Mount Crawford, VA, 22841","Hazardous Situation - Hazard Nonchemical - Motor Vehicle Collision (MVC,  Traffic Crash- No Entrapment)"
2025041237,"60 East SIDE Highway, WAYNESBORO, VA, 22980",Medical - Illness
2025041308,"MP 1 BLUE RIDGE PARKWAY, Waynesboro, VA, 22980",Medical - Injury / Trauma - Motor Vehicle Crash w/ Injury (MVC)
2025041371,"500 ST Highway, STAUNTON, VA, 24401","Hazardous Situation - Hazard Nonchemical - Motor Vehicle Collision (MVC,  Traffic Crash- No Entrapment)"
2025041500,"616 LEE-JACKSON Highway, STAUNTON, VA, 24401",Fire - Transportation Fire - Vehicle Fire  -  Passenger
2025041969,"RICHMOND Avenue, City of Staunton, VA, 24401",Medical - Injury / Trauma - Motor Vehicle Crash w/ Injury (MVC)
2025042015,"5081 South VALLEY PIKE-HARRISONBURG, North River, VA, 22841",No Emergency - Cancelled (or No Response)
2025042190,"152 FAIRWAY Lane, VERONA, VA, 24482",No Emergency - False Alarm - Other False Call
2025042247,"MM 98.3 Interstate 64 West, WAYNESBORO, VA, 22980",No Emergency - Cancelled (or No Response)
2025042272,"3039 LOCUST GROVE CRT-ROCKINGHAM, Town of Mount Crawford, VA, 22841",No Emergency - Cancelled (or No Response)
2025042937,"139 LEE-JACKSON Highway, STAUNTON, VA, 24401","Hazardous Situation - Hazard Nonchemical - Motor Vehicle Collision (MVC,  Traffic Crash- No Entrapment)"
2025043061,"101.3 Interstate 64 West, Afton, VA, 22920","Hazardous Situation - Hazard Nonchemical - Motor Vehicle Collision (MVC,  Traffic Crash- No Entrapment)"
2025043072,"152 FAIRWAY Lane, VERONA, VA, 24482",Rescue - Structure - Elevator / Escalator Rescue
2025043302,"898 MT TABOR Road, STAUNTON, VA, 24401","Public Service - Citizen Assist - Citizen Assist / Service Call (Welfare Checks, Lockouts)"
2025043977,"1373 IMBODEN Road, Weyers Cave, VA, 24486",Medical - Illness
2025044507,"7 STAUNTON-CROSSING Way, City of Staunton, VA, 24401",No Emergency - Cancelled (or No Response)
2025044862,"152 FAIRWAY Lane, VERONA, VA, 24482",No Emergency - False Alarm - Malfunctioning Alarm
2025044976,"239.7 North Interstate 81, Mount Crawford, VA, 22841",Medical - Injury / Trauma - Motor Vehicle Crash w/ Injury (MVC)
2025045178,"Stokes Lane, Craigsville, VA, 24430",No Emergency - Good Intent - Smoke From Nonhostile Source (Smoke Scare)
2025045577,"HUMPBACK ROCK-MP 6, Afton, VA, 22920",Medical - Illness
2025045686,"1249 ST 262 Highway, VERONA, VA, 24401",No Emergency - Cancelled (or No Response)
2025046298,"240 North Interstate 81, Mount Crawford, VA, 22841",No Emergency - Good Intent - Nothing Found Upon Arrival / Location Error / Unfounded
2025046304,"480 BOJANGLES-STAUNTON Highway, STAUNTON, VA, 24401",No Emergency - Cancelled (or No Response)
2025046848,"1 CRAFTONS PARK Lane, STAUNTON, VA, 24401","Hazardous Situation - Hazard Nonchemical - Motor Vehicle Collision (MVC,  Traffic Crash- No Entrapment)"
2025046961,"23 East BEVERLY Street, City of Staunton, VA, 24401",No Emergency - Cancelled (or No Response)
2025047233,"1 TILMAN Road, MOUNT SOLON, VA, 22843","Public Service - Citizen Assist - Citizen Assist / Service Call (Welfare Checks, Lockouts)"
2025047436,"3499 LEE-JACKSON Highway, STAUNTON, VA, 24401",Hazardous Situation - Hazard Nonchemical - Electrical Hazard / Short Circuit
2025047896,"200 froniter Drive, STAUNTON, VA, 24401",No Emergency - False Alarm - Accidental Alarm
2025048130,"3529 LEE-JACKSON Highway, STAUNTON, VA, 24401",No Emergency - Good Intent - Nothing Found Upon Arrival / Location Error / Unfounded
2025048231,"1 BURKE`S MILL Road, WEYERS CAVE, VA, 24486",Medical - Injury / Trauma - Motor Vehicle Crash w/ Injury (MVC)
2025048280,"1783 UNNAMED_100, MOUNT SOLON, VA, 22843","Public Service - Citizen Assist - Citizen Assist / Service Call (Welfare Checks, Lockouts)"
2025048298,"1 PLUM TREE DRAFT Road, CHURCHVILLE, VA, 24421",Hazardous Situation - Hazardous Materials - Hazardous Material Release (Chemical from Fixed Facility)
2025048330,"1 TILMAN Road, MOUNT SOLON, VA, 22843","Public Service - Citizen Assist - Citizen Assist / Service Call (Welfare Checks, Lockouts)"
2025048341,"1 ELKHORN LAKE Road, WEST AUGUSTA, VA, 22843","Public Service - Citizen Assist - Citizen Assist / Service Call (Welfare Checks, Lockouts)"
2025048956,"5987 POWERS Lane, Weyers Cave, VA, 24486",No Emergency - Cancelled (or No Response)
2025049453,"1 JOHNSON Drive, STUARTS DRAFT, VA, 24477","Hazardous Situation - Hazard Nonchemical - Motor Vehicle Collision (MVC,  Traffic Crash- No Entrapment)"
2025049563,"5688 South VALLEY PIKE-MT CRAWFORD, Town of Mount Crawford, VA, 22841",No Emergency - False Alarm - Accidental Alarm
2025049673,"1642 LEE-JACKSON Highway, STAUNTON, VA, 24401","Hazardous Situation - Hazard Nonchemical - Motor Vehicle Collision (MVC,  Traffic Crash- No Entrapment)"
2025049845,"107 TURKEY RIDG, GREENVILLE, VA, 24440",Medical - Illness
2025049968,"100 MILL PLACE PKWY, VERONA, VA, 24482","Public Service - Citizen Assist - Citizen Assist / Service Call (Welfare Checks, Lockouts)"
2025050069,"5100 COAL Road, STUARTS DRAFT, VA, 24477","Hazardous Situation - Hazard Nonchemical - Motor Vehicle Collision (MVC,  Traffic Crash- No Entrapment)"
2025050229,"101 GEORGE COCHRAN PKWY-STAUNTON, City of Staunton, VA, 24401",No Emergency - Cancelled (or No Response)
2025050271,"802 ELIZABETH MILLER GARDEN-STAUNTON, City of Staunton, VA, 24401",No Emergency - Cancelled (or No Response)
2025050354,"STAUNTON, City of Staunton, VA, 24401",No Emergency - Cancelled (or No Response)
2025050521,"BLUE RIDGE PKWY MP 6, Lyndhurst, VA, 22952",Medical - Illness
2025051180,"152 FAIRWAY Lane, VERONA, VA, 24482",Rescue - Structure - Elevator / Escalator Rescue
2025051592,"MM 4 BLUE RIDGE PARKWAY, Waynesboro, VA, 22980",No Emergency - Good Intent - Nothing Found Upon Arrival / Location Error / Unfounded
2025051687,"LN-DAYTON, Dayton, VA, 22841",No Emergency - Cancelled (or No Response)
2025051955,"6064 BEARDS FORD RD, Weyers Cave, VA, 24486",No Emergency - Cancelled (or No Response)
2025052064,"811 LEE-JACKSON Highway, STAUNTON, VA, 24401",No Emergency - Cancelled (or No Response)
2025053309,"1 WARREN OAKS Lane, WAYNESBORO, VA, 22980","Public Service - Citizen Assist - Citizen Assist / Service Call (Welfare Checks, Lockouts)"
2025053406,"1 LITTLE RUN Road, WEYERS CAVE, VA, 24486",Hazardous Situation - Hazardous Materials - Hazardous Material Release (Chemical from Fixed Facility)
2025053546,"98.9 Interstate 64 West, WAYNESBORO, VA, 22980",No Emergency - False Alarm - Other False Call
2025053621,"1 DRY BRANCH Road, CHURCHVILLE, VA, 24421","Public Service - Citizen Assist - Citizen Assist / Service Call (Welfare Checks, Lockouts)"
2025053748,"3499 LEE-JACKSON Highway, STAUNTON, VA, 24401","Public Service - Citizen Assist - Citizen Assist / Service Call (Welfare Checks, Lockouts)"
2025053771,"2319 LEE-JACKSON Highway, STAUNTON, VA, 24401",Medical - Illness
2025053815,"TO SS1, City of Staunton, VA, 24401",Public Service - Other - Move - up
2025053817,"TO SS2, City of Staunton, VA, 24401","Public Service - Citizen Assist - Citizen Assist / Service Call (Welfare Checks, Lockouts)"
2025054619,"164 LEE-JACKSON Highway, STAUNTON, VA, 24401",Medical - Injury / Trauma - Motor Vehicle Crash w/ Injury (MVC)
2025054628,"160 MT PISGAH Road, MOUNT SIDNEY, VA, 24467",Medical - Illness
2025054748,"1 BENNINGTON Drive, STAUNTON, VA, 24401",No Emergency - Good Intent - Nothing Found Upon Arrival / Location Error / Unfounded
2025054891,"3515 LEE-JACKSON Highway, STAUNTON, VA, 24401",Fire - Transportation Fire - Vehicle Fire  -  Commercial
2025055343,"1 RUGER Lane, SWOOPE, VA, 24479",Fire - Outside Fire - Vegetation / Grass Fire
2025055364,"18 BURKE`S MILL Road, WEYERS CAVE, VA, 24486","Public Service - Citizen Assist - Citizen Assist / Service Call (Welfare Checks, Lockouts)"
2025055428,"1962 LEE-JACKSON Highway, STAUNTON, VA, 24401","Public Service - Citizen Assist - Citizen Assist / Service Call (Welfare Checks, Lockouts)"
2025055864,"478 ST MARYS Road, RAPHINE, VA, 24472",Medical - Illness
2025056091,"BR PARKWAY-MP 5-7, Afton, VA, 22920",No Emergency - Cancelled (or No Response)
2025056313,"1503 East SIDE Highway, WAYNESBORO, VA, 22980",Public Service - Disaster / Weather - Weather Response (Tree Down)
2025056467,"3529 LEE-JACKSON Highway, STAUNTON, VA, 24401",Medical - Illness
2025056711,"1 MISS PHILLIPS Road, Staunton, VA, 24401","Hazardous Situation - Hazard Nonchemical - Motor Vehicle Collision (MVC,  Traffic Crash- No Entrapment)"
2025056773,"15125 South E SIDE HIGHWAY-GROTTOES, Town of Grottoes, VA, 24441",No Emergency - Cancelled (or No Response)
2025056814,"800 East SIDE Highway, WAYNESBORO, VA, 22980",Medical - Illness
2025056828,"565 LEE-JACKSON Highway, STAUNTON, VA, 24401",No Emergency - Cancelled (or No Response)
2025056943,"130 LEE-JACKSON Highway, STAUNTON, VA, 24401",Medical - Injury / Trauma - Motor Vehicle Crash w/ Injury (MVC)
2025057363,"2069 LEE-JACKSON Highway, STAUNTON, VA, 24401","Public Service - Citizen Assist - Citizen Assist / Service Call (Welfare Checks, Lockouts)"
2025057390,"311 OLD GREENVILEL Road, City of Staunton, VA, 24401",No Emergency - Good Intent - Nothing Found Upon Arrival / Location Error / Unfounded
2025057451,"SKYLINE Drive, Afton, VA, 22920",Medical - Illness
2025057719,"NUCKER Road, Weyers Cave, VA, 24486","Public Service - Citizen Assist - Citizen Assist / Service Call (Welfare Checks, Lockouts)"
2025058135,"1199 ST 262 Highway, VERONA, VA, 24482",Medical - Injury / Trauma - Motor Vehicle Crash w/ Injury (MVC)
2025058377,"58 OLD HICKORY Lane, MOUNT SIDNEY, VA, 24467",No Emergency - Cancelled (or No Response)
2025058486,"Cross Keys Road, Mount Crawford, VA, 22841","Hazardous Situation - Hazard Nonchemical - Motor Vehicle Collision (MVC,  Traffic Crash- No Entrapment)"
2025058531,"1 RAMSEYS DRAFT FIRE Road, WEST AUGUSTA, VA, 24485",Public Service - Disaster / Weather - Weather Response (Tree Down)
2025058708,"4300 LEE-JACKSON Highway, GREENVILLE, VA, 24440","Public Service - Citizen Assist - Citizen Assist / Service Call (Welfare Checks, Lockouts)"
2025058739,"2800 COAL Road, STUARTS DRAFT, VA, 24477",No Emergency - Good Intent - Smoke From Nonhostile Source (Smoke Scare)
2025058976,"468 LEE-JACKSON Highway, STAUNTON, VA, 24401",Medical - Injury / Trauma - Motor Vehicle Crash w/ Injury (MVC)
2025059095,"1700 DUTCH HOLLOW Road, MIDDLEBROOK, VA, 24459","Public Service - Citizen Assist - Citizen Assist / Service Call (Welfare Checks, Lockouts)"
2025059479,"4604 LEE-JACKSON Highway, GREENVILLE, VA, 24440","Hazardous Situation - Hazard Nonchemical - Motor Vehicle Collision (MVC,  Traffic Crash- No Entrapment)"
2025059698,"3529 LEE-JACKSON Highway, STAUNTON, VA, 24401",Medical - Illness
2025059753,"MM 220.8 Interstate 81 North, STAUNTON, VA, 24401",No Emergency - Cancelled (or No Response)
2025059829,"1 GALENA Road, STAUNTON, VA, 24401","Public Service - Citizen Assist - Citizen Assist / Service Call (Welfare Checks, Lockouts)"
2025059957,"402 PARKERSBURG TPKE, STAUNTON, VA, 24401",Medical - Injury / Trauma - Motor Vehicle Crash w/ Injury (MVC)
2025060848,"6064 BEARDS FORD RD ROCKINGHAM, Mount Crawford, VA, 22841",Medical - Illness
2025060955,"94 SKYLINE Drive, Crimora, VA, 24431","Hazardous Situation - Hazard Nonchemical - Motor Vehicle Collision (MVC,  Traffic Crash- No Entrapment)"
2025061076,"899 ST 262 Highway, STAUNTON, VA, 24401","Hazardous Situation - Hazard Nonchemical - Motor Vehicle Collision (MVC,  Traffic Crash- No Entrapment)"
2025061105,"1 MOUNT SOLON Road, MOUNT SOLON, VA, 22843",Medical - Illness
2025061131,"100 OLD PARKERSBURG TPKE, SWOOPE, VA, 24479","Public Service - Citizen Assist - Citizen Assist / Service Call (Welfare Checks, Lockouts)"
2025061386,"800 East SIDE Highway, WAYNESBORO, VA, 22980",No Emergency - Cancelled (or No Response)
2025061391,"1 ARCHERY Lane, STAUNTON, VA, 24401",Fire - Transportation Fire - Vehicle Fire  -  Passenger
2025061399,"1199 ST Highway, VERONA, VA, 24482","Hazardous Situation - Hazard Nonchemical - Motor Vehicle Collision (MVC,  Traffic Crash- No Entrapment)"
2025061415,"47 DINKLE Avenue, Mount Crawford, VA, 22841",No Emergency - Cancelled (or No Response)
2025061461,"MP 8 BLUE RIDGE PARKWAY, Sherando, VA, 22952","Hazardous Situation - Hazard Nonchemical - Motor Vehicle Collision (MVC,  Traffic Crash- No Entrapment)"
2025061996,"FRIEDENS CHURCH Road, Town of Mount Crawford, VA, 22841",Fire - Transportation Fire - Vehicle Fire  -  Commercial
2025062053,"241 BLUE RIDGE Parkway, Waynesboro, VA, 22980",Medical - Illness
2025062246,"2218 LEE-JACKSON Highway, STAUNTON, VA, 24401","Public Service - Citizen Assist - Citizen Assist / Service Call (Welfare Checks, Lockouts)"
2025062625,"1037 East SIDE Highway, WAYNESBORO, VA, 22980",Medical - Injury / Trauma - Motor Vehicle Crash w/ Injury (MVC)
2025062677,"1 BARRENRIDGE Road, FISHERSVILLE, VA, 22939",Medical - Injury / Trauma - Motor Vehicle Crash w/ Injury (MVC)
2025062955,"SUMMIT CHURCH Road, Weyers Cave, VA, 24486",No Emergency - Good Intent - Nothing Found Upon Arrival / Location Error / Unfounded
2025062964,"5745 CROSS KEY Road, Town of Mount Crawford, VA, 22841",Fire - Transportation Fire - Vehicle Fire  -  Commercial
2025063314,"1845 MARIGOLD CIRCLE-ROCKINGHAM, City of Harrisonburg, VA, 22801",No Emergency - Good Intent - Smoke From Nonhostile Source (Smoke Scare)
2025063644,"1 BERRY FARM Road, STAUNTON, VA, 24401","Public Service - Citizen Assist - Citizen Assist / Service Call (Welfare Checks, Lockouts)"
2025063746,"REEVES/ Miller Saw Mill Road, Mount Solon, VA, 22843","Public Service - Citizen Assist - Citizen Assist / Service Call (Welfare Checks, Lockouts)"
2025063841,"3499 LEE-JACKSON Highway, STAUNTON, VA, 24401",Medical - Illness
2025063897,"3496 LEE-JACKSON Highway, STAUNTON, VA, 24401","Hazardous Situation - Hazard Nonchemical - Motor Vehicle Collision (MVC,  Traffic Crash- No Entrapment)"
2025063907,"TO SS1, City of Staunton, VA, 24401",Public Service - Other - Move - up
2025063911,"TO SS2, Staunton, VA, 24401",Public Service - Other - Move - up
2025063994,"1 FORDWICK Lane, Craigsville, VA, 24430",Public Service - Disaster / Weather - Damage Assessment
2025064031,"MM 223 Interstate 81 South, STAUNTON, VA, 24401","Hazardous Situation - Hazard Nonchemical - Motor Vehicle Collision (MVC,  Traffic Crash- No Entrapment)"
2025064076,"85 LEE-JACKSON Highway, STAUNTON, VA, 24401","Hazardous Situation - Hazard Nonchemical - Motor Vehicle Collision (MVC,  Traffic Crash- No Entrapment)"
2025064479,"Beverley West VALLEY MISSION-STAUNTON Street, City of Staunton, VA, 24401",Fire - Structure Fire - Confined Cooking / Appliance Fire
2025064960,"130 LEE-JACKSON Highway, STAUNTON, VA, 24401",Medical - Illness
2025064964,"477 LEE-JACKSON Highway, STAUNTON, VA, 24401",Medical - Illness
2025065172,"Church Hill / Jefferson Road, FISHERSVILLE, VA, 22939",Hazardous Situation - Hazardous Materials - Fuel Spill / Fuel Odor
2025065229,"LEE hwy Highway, Mount Crawford, VA, 22841",Hazardous Situation - Hazard Nonchemical - Electrical Power Line Down / Arcing / Malfunction
2025065530,"1 TIMBER RIDGE Road, MOUNT SOLON, VA, 22843","Hazardous Situation - Hazard Nonchemical - Motor Vehicle Collision (MVC,  Traffic Crash- No Entrapment)"
2025065742,"BUNKER HILL Road, MOUNT SOLON, VA, 22843","Hazardous Situation - Hazard Nonchemical - Motor Vehicle Collision (MVC,  Traffic Crash- No Entrapment)"
2025065907,"1 SHERANDO LAKE Road, LYNDHURST, VA, 22952",No Emergency - False Alarm - Intentional False Alarm
2025065939,"SKYLINE Drive, Grottoes, VA, 24441",Medical - Illness
2025066135,"NEW HOPE AND CRIMORA Road, WAYNESBORO, VA, 24401",Medical - Injury / Trauma - Motor Vehicle Crash w/ Injury (MVC)
2025066251,"BLUE RIDGE PARKWAY-RAVENS ROOST, Love, VA, 22952","Hazardous Situation - Hazard Nonchemical - Motor Vehicle Collision (MVC,  Traffic Crash- No Entrapment)"
2025066475,"STATLER Boulevard, City of Staunton, VA, 24401",Medical - Injury / Trauma - Motor Vehicle Crash w/ Injury (MVC)
2025066998,"478 ST MARYS Road, RAPHINE, VA, 24472",Medical - Illness
2025067377,"314 BERKLEY Place, City of Staunton, VA, 24401",Public Service - Citizen Assist - Lift Assist
2025067493,"568 COFFMAN Road, MT CRAWFORD, VA, 22841",No Emergency - Cancelled (or No Response)
2025067516,"152 FAIRWAY Lane, VERONA, VA, 24482",Rescue - Structure - Elevator / Escalator Rescue
2025067626,"358 ELK MTN Road, AFTON, VA, 22920",Medical - Illness
2025067856,"1534 LEE-JACKSON Highway, STAUNTON, VA, 24401","Hazardous Situation - Hazard Nonchemical - Motor Vehicle Collision (MVC,  Traffic Crash- No Entrapment)"
2025068140,"500 PARKERSBURG TPKE, STAUNTON, VA, 24401",No Emergency - False Alarm - Other False Call
2025068304,"3499 LEE-JACKSON Highway, STAUNTON, VA, 24401",Hazardous Situation - Hazardous Materials - Hazardous Material Release (Chemical from Fixed Facility)
2025069126,"CROSS KEYS Road, North River, VA, 22841","Hazardous Situation - Hazard Nonchemical - Motor Vehicle Collision (MVC,  Traffic Crash- No Entrapment)"
2025069481,"20 FRONIER RIDGE Court, City of Staunton, VA, 24401",Medical - Illness
2025069543,"40 MT SIDNEY SCHOOL Lane, MOUNT SIDNEY, VA, 24467",Medical - Illness
2025069677,"1199 ST Highway, VERONA, VA, 24482",Medical - Injury / Trauma - Motor Vehicle Crash w/ Injury (MVC)
2025069727,"739 LEE-JACKSON Highway, STAUNTON, VA, 24401",Medical - Illness
2025070087,"1 DALHOUSIE Road, WAYNESBORO, VA, 22980","Public Service - Citizen Assist - Citizen Assist / Service Call (Welfare Checks, Lockouts)"
2025070135,"4112 LEE-JACKSON Highway, GREENVILLE, VA, 24440",No Emergency - Cancelled (or No Response)
2025070200,"JEFFERSON Highway, STAUNTON, VA, 24401",No Emergency - Good Intent - Nothing Found Upon Arrival / Location Error / Unfounded
2025070650,"1500 LEE-JACKSON Highway, STAUNTON, VA, 24401",No Emergency - Cancelled (or No Response)
2025070866,"218 LEE-JACKSON Highway, STAUNTON, VA, 24401","Hazardous Situation - Hazard Nonchemical - Motor Vehicle Collision (MVC,  Traffic Crash- No Entrapment)"
2025070951,"1312 TINKLING SPRING Road, STAUNTON, VA, 24401",No Emergency - Cancelled (or No Response)
2025071190,"650 LEE-JACKSON Highway, STAUNTON, VA, 24401",No Emergency - Cancelled (or No Response)
2025071431,"139 LEE-JACKSON Highway, STAUNTON, VA, 24401",Medical - Injury / Trauma - Motor Vehicle Crash w/ Injury (MVC)
2025071657,"1410 North AUGUSTA ST STAUNTON CITY, Staunton, VA, 24401",Medical - Illness
2025072441,"4192 LEE-JACKSON Highway, GREENVILLE, VA, 24440",Medical - Injury / Trauma - Motor Vehicle Crash w/ Injury (MVC)
2025072602,"5678 LEE-JACKSON Highway, GREENVILLE, VA, 24440",No Emergency - Cancelled (or No Response)
2025072870,"450 ST Highway, City of Staunton, VA, 24401","Public Service - Citizen Assist - Citizen Assist / Service Call (Welfare Checks, Lockouts)"
2025073032,"1156 PARKERSBURG TPKE, Buffalo Gap, VA, 24479",Medical - Injury / Trauma - Motor Vehicle Crash w/ Injury (MVC)
2025073072,"1156 PARKERSBURG TPKE, SWOOPE, VA, 24479",Law Enforcement Support
2025073153,"951 LEE-JACKSON Highway, STAUNTON, VA, 24401","Hazardous Situation - Hazard Nonchemical - Motor Vehicle Collision (MVC,  Traffic Crash- No Entrapment)"
2025073970,"565 LEE-JACKSON Highway, STAUNTON, VA, 24401",Medical - Illness
2025074542,"1 ARCHER RUN Road, Craigsville, VA, 24430","Public Service - Citizen Assist - Citizen Assist / Service Call (Welfare Checks, Lockouts)"
2025074829,"Mile Post 94 Skyline Drive, Afton, VA, 22920",Medical - Illness
2025074997,"3500 LEE-JACKSON Highway, STAUNTON, VA, 24401",No Emergency - Cancelled (or No Response)
2025075003,"191 PARKERSBURG TPKE, STAUNTON, VA, 24401",No Emergency - False Alarm - Other False Call
2025075187,"1628 TINKLING SPRING Road, STAUNTON, VA, 24401","Hazardous Situation - Hazard Nonchemical - Motor Vehicle Collision (MVC,  Traffic Crash- No Entrapment)"
2025075242,"FRONTIER Drive, City of Staunton, VA, 24401",Medical - Injury / Trauma - Motor Vehicle Crash w/ Injury (MVC)
2025075724,"2800 COAL Road, STUARTS DRAFT, VA, 24477",Medical - Illness
2025075919,"130 LEE-JACKSON Highway, STAUNTON, VA, 24401",Medical - Injury / Trauma - Motor Vehicle Crash w/ Injury (MVC)
2025076143,"102 TURKEY RIDG, GREENVILLE, VA, 24440","Public Service - Citizen Assist - Citizen Assist / Service Call (Welfare Checks, Lockouts)"
2025076163,"500 East SIDE Highway, WAYNESBORO, VA, 22980","Hazardous Situation - Hazard Nonchemical - Motor Vehicle Collision (MVC,  Traffic Crash- No Entrapment)"
2025076227,"1 LESSLEY Lane, SWOOPE, VA, 24479",Medical - Illness
2025076290,"1192 East SIDE Highway, WAYNESBORO, VA, 22980",No Emergency - Cancelled (or No Response)
2025076648,"326 BURKE`S MILL Road, WEYERS CAVE, VA, 24486",No Emergency - Good Intent - Controlled Burning (Authorized)
2025077003,"338 LEE-JACKSON Highway, STAUNTON, VA, 24401",No Emergency - Good Intent - Nothing Found Upon Arrival / Location Error / Unfounded
2025077060,"LONG JOHN SILVERS-STAUNTON, City of Staunton, VA, 24401",No Emergency - Cancelled (or No Response)
2025077674,"899 ST Highway, STAUNTON, VA, 24401","Hazardous Situation - Hazard Nonchemical - Motor Vehicle Collision (MVC,  Traffic Crash- No Entrapment)"
2025078022,"OLD BRIDGEWATER Road, Town of Mount Crawford, VA, 22841",No Emergency - Cancelled (or No Response)
2025078061,"LITTLE BALD KNOB, Mount Solon, VA, 22843",Medical - Illness
2025078163,"1156 PARKERSBURG TPKE, SWOOPE, VA, 24479","Public Service - Citizen Assist - Citizen Assist / Service Call (Welfare Checks, Lockouts)"
2025078266,"MM 225 Interstate 81 North, VERONA, VA, 24401","Hazardous Situation - Hazard Nonchemical - Motor Vehicle Collision (MVC,  Traffic Crash- No Entrapment)"
2025079000,"650 LEE-JACKSON Highway, STAUNTON, VA, 24401",Fire - Transportation Fire - Vehicle Fire  -  Commercial
2025079034,"3318 North WHITESELL CHURCH Road, Town of Mount Crawford, VA, 22841",No Emergency - False Alarm - Other False Call
2025079129,"1 COLLEGE Lane, WEYERS CAVE, VA, 24486",Medical - Illness
2025079495,"23 FOXCREST RIDGE-STAUNTON, City of Staunton, VA, 24401",Medical - Illness
2025079951,"BRIAR BRANCH, Town of Dayton, VA, 22821","Hazardous Situation - Hazard Nonchemical - Motor Vehicle Collision (MVC,  Traffic Crash- No Entrapment)"
2025080048,"199 ST Highway, STAUNTON, VA, 24401","Hazardous Situation - Hazard Nonchemical - Motor Vehicle Collision (MVC,  Traffic Crash- No Entrapment)"
2025080575,"1299 ST Highway, VERONA, VA, 24401","Hazardous Situation - Hazard Nonchemical - Motor Vehicle Collision (MVC,  Traffic Crash- No Entrapment)"
2025081222,"1 BOLLING HEIGHTS Lane, STAUNTON, VA, 24401",No Emergency - Good Intent - Controlled Burning (Authorized)
2025081469,"9271 BRIARY BRANCH ROAD, Clover Hill, VA, 22821",No Emergency - Cancelled (or No Response)
2025081850,"239 North Interstate 81, North River, VA, 22841",No Emergency - Cancelled (or No Response)
2025082380,"1 COLLEGE Lane, WEYERS CAVE, VA, 24486","Public Service - Citizen Assist - Citizen Assist / Service Call (Welfare Checks, Lockouts)"
2025082552,"MM 220 Interstate 81 North, STAUNTON, VA, 24401","Hazardous Situation - Hazard Nonchemical - Motor Vehicle Collision (MVC,  Traffic Crash- No Entrapment)"
2025082616,"300 LEE-JACKSON Highway, STAUNTON, VA, 24401","Hazardous Situation - Hazard Nonchemical - Motor Vehicle Collision (MVC,  Traffic Crash- No Entrapment)"
2025082620,"300 LEE-JACKSON Highway, STAUNTON, VA, 24401","Hazardous Situation - Hazard Nonchemical - Motor Vehicle Collision (MVC,  Traffic Crash- No Entrapment)"
2025082636,"LYNDHURST Road, STUARTS DRAFT, VA, 24477","Public Service - Citizen Assist - Citizen Assist / Service Call (Welfare Checks, Lockouts)"
2025083076,"1 WILLOW SPOUT Road, VERONA, VA, 24437",Fire - Transportation Fire - Vehicle Fire  -  Passenger
2025083437,"MM 219 Interstate 81 North, STAUNTON, VA, 24401","Hazardous Situation - Hazard Nonchemical - Motor Vehicle Collision (MVC,  Traffic Crash- No Entrapment)"
2025083574,"RICHMOND Avenue, City of Staunton, VA, 24401",No Emergency - Cancelled (or No Response)
2025083645,"2635 West BEVERLY Street, City of Staunton, VA, 24401",No Emergency - Cancelled (or No Response)
2025083892,"550 NEWHOPE Road, City of Staunton, VA, 24401",Medical - Illness
2025084111,"5000 COAL Road, STUARTS DRAFT, VA, 24477","Hazardous Situation - Hazard Nonchemical - Motor Vehicle Collision (MVC,  Traffic Crash- No Entrapment)"
2025084230,"152 FAIRWAY Lane, VERONA, VA, 24482",No Emergency - False Alarm - Accidental Alarm
2025084367,"3499 LEE-JACKSON Highway, STAUNTON, VA, 24401",Hazardous Situation - Hazardous Materials - Hazardous Material Release (Chemical from Fixed Facility)
2025084556,"565 LEE-JACKSON Highway, STAUNTON, VA, 24401",Medical - Illness
2025084801,"3541 LEE-JACKSON Highway, STAUNTON, VA, 24401","Hazardous Situation - Hazard Nonchemical - Motor Vehicle Collision (MVC,  Traffic Crash- No Entrapment)"
2025085063,"478 ST MARYS Road, RAPHINE, VA, 24472",Medical - Illness
2025085098,"SKYLINE MP 92.5, Waynesboro, VA, 22980","Hazardous Situation - Hazard Nonchemical - Motor Vehicle Collision (MVC,  Traffic Crash- No Entrapment)"
2025085326,"152 FAIRWAY Lane, VERONA, VA, 24482",Medical - Illness
2025085460,"100 MILL PLACE PKWY, VERONA, VA, 24482",Public Service - Disaster / Weather - Damage Assessment
2025085817,"502 Miriam Place, City of Staunton, VA, 24401",No Emergency - Cancelled (or No Response)
2025085931,"1 JOHNSON Drive, STUARTS DRAFT, VA, 24477","Hazardous Situation - Hazard Nonchemical - Motor Vehicle Collision (MVC,  Traffic Crash- No Entrapment)"
2025086102,"10120 ALLMAN Road, Bridgewater, VA, 22812",No Emergency - Cancelled (or No Response)
2025086109,"1 College Lane, WEYERS CAVE, VA, 24486",Fire - Structure Fire - Confined Cooking / Appliance Fire
2025086286,"MM 238 Interstate 81 South, Bridgewater, VA, 22812",No Emergency - Cancelled (or No Response)
2025086558,"3786 LEE-JACKSON Highway, GREENVILLE, VA, 24440",Medical - Illness
2025086862,"1 DICES SPRING Road, WEYERS CAVE, VA, 24486",Medical - Injury / Trauma - Motor Vehicle Crash w/ Injury (MVC)
2025087349,"White Hill Rd Road, STAUNTON, VA, 24401","Hazardous Situation - Hazard Nonchemical - Motor Vehicle Collision (MVC,  Traffic Crash- No Entrapment)"
2025087632,"7040 BEARDS FORD-MT CRAWFORD, VA",No Emergency - False Alarm - Other False Call
2025087633,"478 ST MARYS Road, RAPHINE, VA, 24472",Fire - Outside Fire - Vegetation / Grass Fire
2025087749,"68 PAULY MILL Road, DEERFIELD, VA, 24485","Public Service - Citizen Assist - Citizen Assist / Service Call (Welfare Checks, Lockouts)"
2025087843,"1626 HOWARDSVILLE TPKE, STUARTS DRAFT, VA, 24477",Law Enforcement Support
2025087912,"164 LEE-JACKSON Highway, STAUNTON, VA, 24401",Medical - Injury / Trauma - Motor Vehicle Crash w/ Injury (MVC)
2025087947,"749 LEE-JACKSON Highway, STAUNTON, VA, 24401","Hazardous Situation - Hazard Nonchemical - Motor Vehicle Collision (MVC,  Traffic Crash- No Entrapment)"
2025088221,"118 BEARS DEN TRL, GREENVILLE, VA, 24440",No Emergency - Good Intent - Controlled Burning (Authorized)
2025088946,"4171 LEE-JACKSON Highway, GREENVILLE, VA, 24440",Medical - Illness
2025089294,"3498 PLESANT VALLEY ROAD-ROCKINGHAM, Town of Mount Crawford, VA, 22841",No Emergency - Good Intent - Smoke From Nonhostile Source (Smoke Scare)
2025089471,"4339 LEE-JACKSON Highway, GREENVILLE, VA, 24440",Medical - Illness
2025089780,"MM 87 Interstate 64 East, STAUNTON, VA, 24401",No Emergency - Good Intent - Nothing Found Upon Arrival / Location Error / Unfounded
2025090038,"4400 COAL Road, STUARTS DRAFT, VA, 24477",Public Service - Disaster / Weather - Damage Assessment
2025090174,"1 TIM`S DRAFT Lane, WEST AUGUSTA, VA, 24485",Medical - Injury / Trauma - Motor Vehicle Crash w/ Injury (MVC)
2025090431,"1 MOUNT IDA Lane, STAUNTON, VA, 24401","Hazardous Situation - Hazard Nonchemical - Motor Vehicle Collision (MVC,  Traffic Crash- No Entrapment)"
2025090895,"5980 LEE-JACKSON Highway, GREENVILLE, VA, 24472",Medical - Injury / Trauma - Motor Vehicle Crash w/ Injury (MVC)
2025091166,"1680 HOWARDSVILLE TPKE, STUARTS DRAFT, VA, 24477",No Emergency - Good Intent - Smoke From Nonhostile Source (Smoke Scare)
2025091406,"450 ST Highway, City of Staunton, VA, 24401","Hazardous Situation - Hazard Nonchemical - Motor Vehicle Collision (MVC,  Traffic Crash- No Entrapment)"
2025091731,"1252 East SIDE Highway, WAYNESBORO, VA, 22980","Hazardous Situation - Hazard Nonchemical - Motor Vehicle Collision (MVC,  Traffic Crash- No Entrapment)"
2025091779,"1176 LEE-JACKSON Highway, STAUNTON, VA, 24401",Rescue - Transportation (Land) - Aviation/Aircraft Standby
2025091835,"1 MCCLURES MILL Road, GREENVILLE, VA, 24401","Hazardous Situation - Hazard Nonchemical - Motor Vehicle Collision (MVC,  Traffic Crash- No Entrapment)"
2025091839,"CROSSING Way, City of Staunton, VA, 24401",Medical - Illness
2025091854,"1 SYCAMORE CREEK Lane, STAUNTON, VA, 24401","Hazardous Situation - Hazard Nonchemical - Motor Vehicle Collision (MVC,  Traffic Crash- No Entrapment)"
2025092006,"7136 East TIMBER RIDGE Road, City of Harrisonburg, VA, 22801",Medical - Illness
2025092108,"45 SPRING MEADOWS, STAUNTON, VA, 24401",Medical - Illness
2025092155,"1700 HOWARDSVILLE TPKE, STUARTS DRAFT, VA, 24477",No Emergency - Cancelled (or No Response)
2025092535,"3200 PARKERSBURG TPKE, SWOOPE, VA, 24479","Hazardous Situation - Hazard Nonchemical - Motor Vehicle Collision (MVC,  Traffic Crash- No Entrapment)"
2025092914,"1 LIFECORE Drive, STAUNTON, VA, 24401","Hazardous Situation - Hazard Nonchemical - Motor Vehicle Collision (MVC,  Traffic Crash- No Entrapment)"
2025092970,"896 LEE-JACKSON Highway, STAUNTON, VA, 24401",Medical - Injury / Trauma - Motor Vehicle Crash w/ Injury (MVC)
2025093168,"137 LEE-JACKSON Highway, STAUNTON, VA, 24401","Hazardous Situation - Hazard Nonchemical - Motor Vehicle Collision (MVC,  Traffic Crash- No Entrapment)"
2025093174,"20 FRONTIER RIDGE #5204, City of Staunton, VA, 24401",Medical - Illness
2025093347,"STARBUCKS-STAUNTON, City of Staunton, VA, 24401",Hazardous Situation - Hazardous Materials - Gas Leak / Gas Odor
2025093395,"1863 LEE-JACKSON Highway, STAUNTON, VA, 24401",Medical - Injury / Trauma - Motor Vehicle Crash w/ Injury (MVC)
2025093785,"341 CAMPBELLST-STAUNTON, City of Staunton, VA, 24401",Fire - Structure Fire - Chimney Fire
2025094102,"1199 ST Highway, VERONA, VA, 24482",Medical - Injury / Trauma - Motor Vehicle Crash w/ Injury (MVC)
2025094473,"SS1, Staunton, VA, 24401",Public Service - Other - Move - up
2025094474,"SS2, City of Staunton, VA, 24401",No Emergency - Cancelled (or No Response)
2025094510,"807 GEOFFREY Street, City of Staunton, VA, 24401",Hazardous Situation - Hazardous Materials - Gas Leak / Gas Odor
2025094545,"112 Waverly Green, City of Staunton, VA, 24401",No Emergency - Good Intent - Smoke From Nonhostile Source (Smoke Scare)
2025094567,"6011 East TIMBER RIDGE-MT CRAWFORD, Town of Grottoes, VA, 24441",Medical - Illness
2025094682,"345 MT VERNON Road, STUARTS DRAFT, VA, 24477",No Emergency - Cancelled (or No Response)
2025094979,"MP 89.5 SKYLINE Drive, Waynesboro, VA, 22980",Public Service - Disaster / Weather - Weather Response (Tree Down)
2025095250,"6364 South VALLEY PIKE-MT CRAWFORD, Mount Crawford, VA, 22841",No Emergency - Cancelled (or No Response)
2025095435,"4731 LEE-JACKSON Highway, GREENVILLE, VA, 24440",Medical - Illness
2025096088,"7667 South RIVER Road, Town of Grottoes, VA, 24441",Fire - Outside Fire - Vegetation / Grass Fire
2025096199,"500 ST Highway, STAUNTON, VA, 24401","Hazardous Situation - Hazard Nonchemical - Motor Vehicle Collision (MVC,  Traffic Crash- No Entrapment)"
2025096265,"398 262 Highway, City of Staunton, VA, 24401","Public Service - Citizen Assist - Citizen Assist / Service Call (Welfare Checks, Lockouts)"
2025096331,"103 CROSSINGWAY-STAUNTON, City of Staunton, VA, 24401",Medical - Illness
2025096513,"2518 LEE-JACKSON Highway, STAUNTON, VA, 24401",Medical - Injury / Trauma - Motor Vehicle Crash w/ Injury (MVC)
2025096599,"204 FERRIER COURT-STAUNTON, City of Staunton, VA, 24401",Medical - Illness
2025096646,"300 COCHRANS MILL Road, STAUNTON, VA, 24401",Fire - Transportation Fire - Vehicle Fire  -  Passenger
2025096711,"1 GLEBE SCHOOL Road, STAUNTON, VA, 24401",Hazardous Situation - Hazardous Materials - Fuel Spill / Fuel Odor
2025096996,"565 LEE-JACKSON Highway, STAUNTON, VA, 24401",Medical - Illness
2025097156,"3541 LEE-JACKSON Highway, STAUNTON, VA, 24401","Public Service - Citizen Assist - Citizen Assist / Service Call (Welfare Checks, Lockouts)"
2025097316,"3499 LEE-JACKSON Highway, STAUNTON, VA, 24401",Medical - Illness
2025097394,"138 PARKERSBURG TPKE, STAUNTON, VA, 24401","Hazardous Situation - Hazard Nonchemical - Motor Vehicle Collision (MVC,  Traffic Crash- No Entrapment)"
2025097441,"MM 91.7 Interstate 64 West, FISHERSVILLE, VA, 22939",Medical - Injury / Trauma - Motor Vehicle Crash w/ Injury (MVC)
2025097762,"6840 CROSSKEYS Road, North River, VA, 22841","Hazardous Situation - Hazard Nonchemical - Motor Vehicle Collision (MVC,  Traffic Crash- No Entrapment)"
2025097780,"299 ST Highway, STAUNTON, VA, 24401","Hazardous Situation - Hazard Nonchemical - Motor Vehicle Collision (MVC,  Traffic Crash- No Entrapment)"
2025097816,"1299 ST Highway, VERONA, VA, 24401",Medical - Injury / Trauma - Motor Vehicle Crash w/ Injury (MVC)
2025097883,"90 LEE-JACKSON Highway, STAUNTON, VA, 24401",No Emergency - Cancelled (or No Response)
2025098338,"14 FRONTIER RIDGE COURT-STAUNTON, City of Staunton, VA, 24401",No Emergency - Good Intent - Nothing Found Upon Arrival / Location Error / Unfounded
2025098580,"1300 ST Highway, STAUNTON, VA, 24401",Hazardous Situation - Hazard Nonchemical - Electrical Power Line Down / Arcing / Malfunction
2025098777,"5688 South VALLEY PIKE-MT CRAWFORD, Town of Mount Crawford, VA, 22841",No Emergency - False Alarm - Malfunctioning Alarm
2025098983,"478 ST MARYS Road, RAPHINE, VA, 24472",Medical - Illness
2025099200,"MARSHALL Street, City of Staunton, VA, 24401",No Emergency - Cancelled (or No Response)
2025099271,"675 LEE-JACKSON Highway, STAUNTON, VA, 24401",No Emergency - Good Intent - Nothing Found Upon Arrival / Location Error / Unfounded
2025099359,"758 LEE-JACKSON Highway, STAUNTON, VA, 24401",Hazardous Situation - Hazardous Materials - Fuel Spill / Fuel Odor
2025099511,"106 COMMUNITYWAY-STAUNTON, City of Staunton, VA, 24401",Medical - Illness
2025100124,"152 FAIRWAY Lane, VERONA, VA, 24482",No Emergency - Cancelled (or No Response)
2025100280,"Staunton Fire Station 1, Staunton, VA, 24401",Public Service - Other - Move - up
2025100871,"847 OAK WOOD Drive, Bridgewater, VA, 22812",No Emergency - Cancelled (or No Response)
2025100882,"398 ST Highway, City of Staunton, VA, 24401",No Emergency - Cancelled (or No Response)
2025101522,"959 Donaghue Street, City of Staunton, VA, 24401",Fire - Structure Fire - Confined Cooking / Appliance Fire
2025101627,"299 ST Highway, STAUNTON, VA, 24401","Hazardous Situation - Hazard Nonchemical - Motor Vehicle Collision (MVC,  Traffic Crash- No Entrapment)"
2025101907,"250 COCHRANS MILL Road, STAUNTON, VA, 24401",Medical - Injury / Trauma - Motor Vehicle Crash w/ Injury (MVC)
2025101980,"3499 LEE-JACKSON Highway, STAUNTON, VA, 24401","Hazardous Situation - Hazard Nonchemical - Motor Vehicle Collision (MVC,  Traffic Crash- No Entrapment)"
2025101995,"14 FRONTIER RIDGE CT STAUNTON, City of Staunton, VA, 24401",Medical - Illness
2025102029,"1 OLD WHITE BRIDGE Road, WAYNESBORO, VA, 22980","Hazardous Situation - Hazard Nonchemical - Motor Vehicle Collision (MVC,  Traffic Crash- No Entrapment)"
2025102086,"210 VIRGINA Avenue, Bridgewater, VA, 22812",No Emergency - Cancelled (or No Response)
2025102174,"345 MT VERNON Road, STUARTS DRAFT, VA, 24477",No Emergency - Cancelled (or No Response)
2025102231,"138 Route 262 Highway, STAUNTON, VA, 24401",Hazardous Situation - Hazardous Materials - Fuel Spill / Fuel Odor
2025102244,"2715 KNOLL WOOD Drive, City of Staunton, VA, 24401",No Emergency - Cancelled (or No Response)
2025102560,"398 ST Highway, City of Staunton, VA, 24401",Medical - Injury / Trauma - Motor Vehicle Crash w/ Injury (MVC)
2025102725,"916 NEW HOPERD-STAUNTON, City of Staunton, VA, 24401",Hazardous Situation - Hazardous Materials - Gas Leak / Gas Odor
2025102748,"123 OLD C&W RAILWAY Road, MOUNT SOLON, VA, 22843",No Emergency - Cancelled (or No Response)
2025102757,"MP 11 BLUE RIDGE PKWY, Lyndhurst, VA, 22952","Public Service - Citizen Assist - Citizen Assist / Service Call (Welfare Checks, Lockouts)"
2025103246,"400 BLVD-STAUNTON, City of Staunton, VA, 24401",Hazardous Situation - Hazardous Materials - Hazardous Material Release (Chemical from Fixed Facility)
2025103345,"7 / 101 CROSSING Way, City of Staunton, VA, 24401",No Emergency - Cancelled (or No Response)
2025103487,"3800 COAL Road, STUARTS DRAFT, VA, 24477",No Emergency - Good Intent - Controlled Burning (Authorized)
2025103701,"1 CURRY Road, MOUNT SOLON, VA, 22843",No Emergency - Cancelled (or No Response)
2025103746,"565 LEE-JACKSON Highway, STAUNTON, VA, 24401",Medical - Illness
2025103779,"1 ROWE Road, STAUNTON, VA, 24401",Medical - Injury / Trauma - Motor Vehicle Crash w/ Injury (MVC)
2025103924,"5805 LAMBERT TOWN Road, Town of Dayton, VA, 22821",Hazardous Situation - Hazardous Materials - Gas Leak / Gas Odor
2025105026,"1302 RICHMOND AVE STAUNTON, City of Staunton, VA, 24401",Medical - Illness
2025105283,"BATTLEFIELD Road, WAYNESBORO, VA, 24401",Medical - Injury / Trauma - Motor Vehicle Crash w/ Injury (MVC)
2025105335,"MM 217 Interstate 81 North, STAUNTON, VA, 24401","Hazardous Situation - Hazard Nonchemical - Motor Vehicle Collision (MVC,  Traffic Crash- No Entrapment)"
2025105591,"6800 RIVERSTONE Lane, Town of Dayton, VA, 22821",Fire - Structure Fire - Structural Involvement
2025105615,"3897 LEE-JACKSON Highway, GREENVILLE, VA, 24440",Medical - Injury / Trauma - Motor Vehicle Crash w/ Injury (MVC)
2025105831,"3541 LEE-JACKSON Highway, STAUNTON, VA, 24401",Medical - Illness
2025105869,"RICHMOND Road, City of Staunton, VA, 24401",No Emergency - Cancelled (or No Response)
2025106036,"1 GALENA Road, STAUNTON, VA, 24401",Hazardous Situation - Hazardous Materials - Hazardous Material Release (Chemical from Fixed Facility)
2025106056,"7562 WARM SPRINGS PIKE-BRIDGEWATER, Bridgewater, VA, 22812",No Emergency - Cancelled (or No Response)
2025106223,"1346 LEE-JACKSON Highway, STAUNTON, VA, 24401",Fire - Outside Fire - Trash / Rubbish Fire
2025106354,"HOLLOW Lane, Craigsville, VA, 24430",Public Service - Disaster / Weather - Damage Assessment
2025106462,"1448 East SIDE Highway, WAYNESBORO, VA, 22980",Medical - Injury / Trauma - Motor Vehicle Crash w/ Injury (MVC)
2025106899,"Brown Ridge Lane, CRAIGSVILLE, VA, 24430",No Emergency - Good Intent - Controlled Burning (Authorized)
2025107197,"1 OLD WHITE HILL Road, STAUNTON, VA, 24401","Hazardous Situation - Hazard Nonchemical - Motor Vehicle Collision (MVC,  Traffic Crash- No Entrapment)"
2025107274,"MM 89 Interstate 64 East, FISHERSVILLE, VA, 22939","Hazardous Situation - Hazard Nonchemical - Motor Vehicle Collision (MVC,  Traffic Crash- No Entrapment)"
2025107416,"1 COLLEGE Lane, WEYERS CAVE, VA, 24486",No Emergency - Cancelled (or No Response)
2025107439,"1314 114 Crossing Way, City of Staunton, VA, 24401",Rescue - Structure - Elevator / Escalator Rescue
2025107483,"63 SCHOOL Boulevard, WAYNESBORO, VA, 22980",No Emergency - False Alarm - Other False Call
2025107571,"499 ST Highway, City of Staunton, VA, 24401","Hazardous Situation - Hazard Nonchemical - Motor Vehicle Collision (MVC,  Traffic Crash- No Entrapment)"
2025108060,"14 LEE-JACKSON Highway, STAUNTON, VA, 24401",Medical - Illness
2025108090,"262 North route Highway, STAUNTON, VA, 24401","Hazardous Situation - Hazard Nonchemical - Motor Vehicle Collision (MVC,  Traffic Crash- No Entrapment)"
2025108102,"1503 East SIDE Highway, WAYNESBORO, VA, 22980",No Emergency - Cancelled (or No Response)
2025108145,"203 OLD C&W RAILWAY Road, MOUNT SOLON, VA, 22843",Medical - Injury / Trauma - Motor Vehicle Crash w/ Injury (MVC)
2025108372,"1 CHRISTIANS CREEK Road, STAUNTON, VA, 24401",Medical - Injury / Trauma - Motor Vehicle Crash w/ Injury (MVC)
2025108394,"3515 LEE-JACKSON Highway, STAUNTON, VA, 24401",Medical - Illness
2025108421,"758 LEE-JACKSON Highway, STAUNTON, VA, 24401","Hazardous Situation - Hazard Nonchemical - Motor Vehicle Collision (MVC,  Traffic Crash- No Entrapment)"
2025108567,"14 FRONTIER RIDGE COURT-STAUNTON, City of Staunton, VA, 24401",Medical - Illness
2025108627,"109 GEORGE COCHRAN PARKWAY-STAUNTON, City of Staunton, VA, 24401",No Emergency - False Alarm - Other False Call
2025108703,"132 LEE-JACKSON Highway, STAUNTON, VA, 24401",No Emergency - Cancelled (or No Response)
2025109176,"65 LIFECORE Drive, STAUNTON, VA, 24401","Hazardous Situation - Hazard Nonchemical - Motor Vehicle Collision (MVC,  Traffic Crash- No Entrapment)"
2025109606,"81 SPRING VALLEY CIRCLE-MT CRAWFORD, North River, VA, 22841",Fire - Structure Fire - Structural Involvement
2025109945,"1 PLUM TREE DRAFT Road, CHURCHVILLE, VA, 24421","Public Service - Citizen Assist - Citizen Assist / Service Call (Welfare Checks, Lockouts)"
2025110568,"1 ROUND HILL Drive, STUARTS DRAFT, VA, 24477","Hazardous Situation - Hazard Nonchemical - Motor Vehicle Collision (MVC,  Traffic Crash- No Entrapment)"
2025110681,"RICHMOND Avenue, City of Staunton, VA, 24401","Hazardous Situation - Hazard Nonchemical - Motor Vehicle Collision (MVC,  Traffic Crash- No Entrapment)"
2025110841,"77 LEE-JACKSON Highway, STAUNTON, VA, 24401",Medical - Illness
2025111567,"MM 237.2, North River, VA, 22841",Medical - Injury / Trauma - Motor Vehicle Crash w/ Injury (MVC)
2025111590,"MM 237, North River, VA, 22841",No Emergency - Cancelled (or No Response)
2025111874,"LEE Highway, Town of Mount Crawford, VA, 22841","Hazardous Situation - Hazard Nonchemical - Motor Vehicle Collision (MVC,  Traffic Crash- No Entrapment)"
2025111973,"JEFFERSON Highway, STAUNTON, VA, 24401",Medical - Illness
2025112100,"4384 LEE-JACKSON Highway, GREENVILLE, VA, 24440",No Emergency - False Alarm - Accidental Alarm
2025112284,"3043 LEE-JACKSON Highway, STAUNTON, VA, 24401",No Emergency - Good Intent - Controlled Burning (Authorized)
2025112428,"6364 South VALLEY PIKE-MT CRAWFORD, Town of Mount Crawford, VA, 22841",No Emergency - Cancelled (or No Response)
2025112597,"1637 COYNER FORD Road, Town of Mount Crawford, VA, 22841",No Emergency - Cancelled (or No Response)
2025112843,"565 LEE-JACKSON Highway, STAUNTON, VA, 24401",Medical - Illness
2025113018,"3499 LEE-JACKSON Highway, STAUNTON, VA, 24401","Hazardous Situation - Hazard Nonchemical - Motor Vehicle Collision (MVC,  Traffic Crash- No Entrapment)"
2025113214,"WAY-STAUNTON, City of Staunton, VA, 24401",Medical - Illness
2025113418,"225 OLD GREENVILLE RD STAUNTON, City of Staunton, VA, 24401",Medical - Illness
2025113438,"3111 LEE-JACKSON Highway, STAUNTON, VA, 24401",No Emergency - Good Intent - Controlled Burning (Authorized)
2025113457,"14 FRONTIER RIDGE CT STAUNTON, City of Staunton, VA, 24401",Medical - Illness
2025113483,"1300 BLK FOURTH Street, Waynesboro, VA, 22980",No Emergency - Cancelled (or No Response)
2025113990,"1 BAYNES Road, WAYNESBORO, VA, 22980","Hazardous Situation - Hazard Nonchemical - Motor Vehicle Collision (MVC,  Traffic Crash- No Entrapment)"
2025114309,"RICHMOND Avenue, City of Staunton, VA, 24401",Medical - Illness
2025114403,"MP 27 BLUE RIDGE PARKWAY, Montebello, VA, 24464",Medical - Illness
2025114772,"5688 South VALLEY PIKE-MT CRAWFORD, Bridgewater, VA, 22812",No Emergency - Cancelled (or No Response)
2025114898,"130 LEE-JACKSON Highway, STAUNTON, VA, 24401",Medical - Illness
2025114993,"1 GREEN VALLEY Road, CHURCHVILLE, VA, 24421","Hazardous Situation - Hazard Nonchemical - Motor Vehicle Collision (MVC,  Traffic Crash- No Entrapment)"
2025115665,"809 LEE-JACKSON Highway, STAUNTON, VA, 24401","Hazardous Situation - Hazard Nonchemical - Motor Vehicle Collision (MVC,  Traffic Crash- No Entrapment)"
2025115686,"301 OLD MCCUTCHEON Lane, GOSHEN, VA, 24439",No Emergency - Cancelled (or No Response)
2025115856,"2000 BLK MIAMI Avenue, Waynesboro, VA, 22980",Fire - Structure Fire - Structural Involvement
2025115878,"1 OLD WHITE BRIDGE Road, WAYNESBORO, VA, 22980",No Emergency - Cancelled (or No Response)
2025115887,"20 FRONTIER RIDGE COURT-STAUNTON, City of Staunton, VA, 24401",Medical - Illness
2025115953,"14 LEE-JACKSON Highway, STAUNTON, VA, 24401","Public Service - Citizen Assist - Citizen Assist / Service Call (Welfare Checks, Lockouts)"
2025116152,"1 AVIS Road, GREENVILLE, VA, 24440","Public Service - Citizen Assist - Citizen Assist / Service Call (Welfare Checks, Lockouts)"
2025116207,"1848 PARKERSBURG TPKE, SWOOPE, VA, 24479","Public Service - Citizen Assist - Citizen Assist / Service Call (Welfare Checks, Lockouts)"
2025116224,"1200 BLK RICHMOND Avenue, City of Staunton, VA, 24401","Hazardous Situation - Hazard Nonchemical - Motor Vehicle Collision (MVC,  Traffic Crash- No Entrapment)"
2025116465,"3499 LEE-JACKSON Highway, STAUNTON, VA, 24401",Medical - Illness
2025116478,"296 LEE-JACKSON Highway, STAUNTON, VA, 24401","Hazardous Situation - Hazard Nonchemical - Motor Vehicle Collision (MVC,  Traffic Crash- No Entrapment)"
2025116618,"1626 HOWARDSVILLE TPKE, STUARTS DRAFT, VA, 24477","Hazardous Situation - Hazard Nonchemical - Motor Vehicle Collision (MVC,  Traffic Crash- No Entrapment)"
2025116631,"302 STAUNTON STATION 2-STAUNTON, City of Staunton, VA, 24401",Public Service - Other - Move - up
2025116683,"1 MISS PHILLIPS Road, STAUNTON, VA, 24479","Hazardous Situation - Hazard Nonchemical - Motor Vehicle Collision (MVC,  Traffic Crash- No Entrapment)"
2025116715,"MIDDLE RIVER Road, STAUNTON, VA, 24401",Hazardous Situation - Hazard Nonchemical - Electrical Power Line Down / Arcing / Malfunction
2025116722,"1912 LEE-JACKSON Highway, STAUNTON, VA, 24401","Public Service - Citizen Assist - Citizen Assist / Service Call (Welfare Checks, Lockouts)"
2025116836,"4339 LEE-JACKSON Highway, GREENVILLE, VA, 24440",Medical - Illness
2025117090,"398 ST Highway, City of Staunton, VA, 24401",Medical - Injury / Trauma - Motor Vehicle Crash w/ Injury (MVC)
2025117720,"3541 LEE-JACKSON Highway, STAUNTON, VA, 24401",Hazardous Situation - Hazardous Materials - Gas Leak / Gas Odor
2025117833,"MM 91.4 Interstate 64 West, FISHERSVILLE, VA, 22939",Medical - Illness
2025118608,"MM 221 Interstate 81 North, STAUNTON, VA, 24401","Hazardous Situation - Hazard Nonchemical - Motor Vehicle Collision (MVC,  Traffic Crash- No Entrapment)"
2025118775,"2800 blk Lee Jackson Hwy, Mint Spring, VA, 24463",Medical - Injury / Trauma - Motor Vehicle Crash w/ Injury (MVC)
2025119138,"4466 Lee-Jackson Highway, Greenville, VA, 24440",Medical - Illness
2025119845,"965 LEE-JACKSON Highway, STAUNTON, VA, 24401",Fire - Outside Fire - Vegetation / Grass Fire
